age,bmi,blood_pressure,glucose,tumor_size,cell_texture,cell_radius,family_risk,smoking,biomarker_a,biomarker_b,biomarker_c,cancer_risk
63.9367,19.8006,108.8454,86.4567,2.0807,4.1376,19.7924,0.3067,0.8478,2.3342,2.3921,1.0258,0
50.2651,30.4840,161.5211,81.2819,3.9941,8.7062,8.8048,0.2151,0.4746,1.4076,1.6216,1.0886,0
52.2922,28.5085,155.7849,107.6185,1.7717,9.6347,22.6650,0.1240,0.0824,0.1457,1.9583,2.3028,0
52.8299,41.1117,102.7613,138.4292,6.5486,10.0389,16.1669,0.3726,0.2723,3.2124,1.9776,2.1229,1
46.3397,35.4078,158.5053,76.5999,5.8731,10.5131,28.2242,0.8744,0.2864,3.6592,1.5612,1.6523,1
66.5454,20.0055,158.7310,176.0161,1.3925,9.8382,28.7682,0.1174,0.9319,1.8046,2.9718,1.6853,1
49.8195,34.1067,135.6402,83.8316,1.5552,9.0217,13.7253,0.4891,0.2952,3.5882,0.5232,1.7700,0
25.0409,22.4632,155.5509,134.3183,1.5200,2.9278,29.0699,0.0088,0.7442,2.1247,1.8500,1.0067,0
49.1360,23.0363,153.2323,163.1407,7.1962,9.8539,28.3960,0.3613,0.1067,1.7055,0.2568,1.7915,1
55.3276,18.5782,151.3920,208.1776,7.7040,7.8606,31.6637,0.8776,0.0948,1.9232,0.5614,2.1793,1
24.7602,16.9370,111.9320,181.4748,3.4361,3.0070,26.9260,0.2806,0.3437,0.7533,0.0316,0.6941,0
54.6516,23.5213,128.1386,185.0237,7.4211,8.1394,14.0149,0.8677,0.7307,0.9740,2.6054,0.8763,1
63.4505,19.0582,147.2997,188.1816,6.8676,3.0904,21.9859,0.1659,0.7790,2.1978,1.9579,2.4948,1
26.3168,17.5711,149.6889,125.7411,7.8229,8.8112,21.9766,0.7623,0.1701,2.6602,2.2202,2.3101,1
63.7590,25.0743,156.4883,126.9373,2.1324,10.6179,26.9315,0.7568,0.7298,1.0134,2.5695,0.6423,1
79.6557,23.1988,120.3110,79.7260,3.4372,8.4387,29.7267,0.8833,0.4112,2.7363,2.5870,1.3644,1
44.4061,19.9665,119.5153,199.7887,7.7161,1.8914,20.4005,0.5131,0.7805,3.4224,1.2644,2.0026,1
74.0480,40.0017,132.5415,104.5953,1.3768,9.5388,26.2896,0.3513,0.2950,3.0911,2.1680,0.5956,1
73.5296,23.1865,155.8898,181.2832,0.5415,7.0356,19.8431,0.5449,0.0360,2.1232,0.9745,2.0913,0
56.9122,25.2863,99.7455,112.0876,7.2668,3.5316,8.3690,0.8995,0.3595,0.1498,1.9031,2.2324,0
84.3713,29.5651,143.2440,107.4512,4.6606,11.7113,26.8497,0.1956,0.7563,0.3192,2.3684,0.6984,1
64.2285,39.0834,135.7787,175.7256,7.8365,3.8080,9.0848,0.2397,0.5218,0.2787,0.3644,2.1349,1
37.7332,36.2180,144.7968,159.6805,3.8448,6.9125,18.2777,0.7115,0.0536,2.7309,0.8543,2.5005,1
38.0576,28.5388,144.8688,128.5613,4.3193,11.6630,15.4625,0.6487,0.7093,3.5227,0.2580,1.9576,1
35.0337,15.6128,157.3217,176.4830,0.7860,8.7608,17.4811,0.4405,0.9841,0.0946,2.1010,0.0728,0
23.5926,22.3241,156.5468,148.1343,7.9837,5.0050,29.7356,0.0701,0.4907,2.7648,0.8491,2.7764,1
79.9262,17.7660,107.2639,70.0325,1.6196,8.3110,30.1529,0.6786,0.3976,2.5581,2.4635,1.8698,1
32.9129,40.4352,123.0397,78.0288,6.1993,7.1702,12.0810,0.2264,0.2716,2.4136,2.5300,1.8397,0
74.4776,33.1616,102.6103,185.4082,1.9542,5.1972,27.1868,0.0391,0.1425,3.7597,2.3971,2.8146,1
64.0081,21.7948,101.4935,113.2004,8.2860,9.4225,25.9037,0.6668,0.1670,1.1672,0.1096,0.7777,0
38.6186,35.2991,102.4774,149.1420,6.6903,6.0092,23.7364,0.5594,0.0644,2.2514,0.6666,1.6233,0
40.4577,24.1658,141.2000,138.7779,7.5936,8.0222,21.2009,0.3061,0.2572,3.8325,0.0110,2.9190,1
76.5558,22.6296,120.7906,207.5531,5.3571,2.8588,15.3136,0.5726,0.0932,0.9694,0.9334,0.6880,0
39.9977,30.2644,120.0902,97.6444,1.0691,6.7128,20.2395,0.1503,0.0463,1.7181,2.4043,0.9602,0
60.4900,25.6833,109.5076,81.7282,5.1494,8.9144,27.0335,0.7493,0.8215,1.3166,1.7136,0.6374,1
84.6116,18.7719,109.5251,100.4133,4.0270,9.1448,31.4143,0.5540,0.7619,3.4882,1.1617,2.3627,1
60.5568,23.1889,145.1201,80.2700,2.4604,6.0153,27.1250,0.3011,0.4875,1.7404,0.1671,1.7818,0
59.8752,37.3127,161.0559,189.4272,3.4422,9.6453,16.5415,0.5659,0.7623,1.5102,1.6742,2.7873,1
47.9614,36.0766,138.1877,181.6187,7.1305,6.6634,32.1430,0.0360,0.7957,0.1550,2.3036,1.5757,1
55.9212,22.3420,120.3625,70.5016,4.9761,5.4608,13.9523,0.4059,0.0202,2.7396,1.3356,2.2202,0
68.3595,38.1025,139.5064,127.6398,3.2116,9.3437,15.4337,0.5884,0.9974,1.1047,2.7947,1.7990,1
24.9287,19.3887,137.5570,82.6761,1.8633,11.7861,11.7804,0.3633,0.6808,1.0833,0.8754,1.0784,0
34.3622,23.3012,109.7465,103.3504,7.3234,1.3167,19.1216,0.5575,0.9077,2.5566,0.6236,0.9138,0
75.3890,21.6228,138.9592,71.6868,2.8740,7.0017,25.6732,0.8588,0.1579,3.3829,2.0202,2.6468,1
61.1238,16.6733,103.4684,84.7307,1.3093,3.1453,19.8266,0.6719,0.2592,2.4318,1.8435,2.0894,0
58.5589,20.5064,161.9018,130.4569,5.4105,9.7776,31.7162,0.8501,0.7639,1.0511,2.6552,2.2616,1
59.3199,41.1213,135.1982,143.8270,1.9214,1.8940,12.1242,0.0783,0.1271,2.8475,1.2399,1.5422,0
57.5298,31.9912,101.0408,167.3828,0.8940,10.7680,9.9112,0.1083,0.4413,2.6778,1.7114,0.9545,0
58.2125,37.0672,121.1244,90.3786,0.5658,10.2831,16.2445,0.7841,0.7202,3.9781,0.5170,2.7643,1
52.3739,40.5068,117.3741,102.3298,2.5083,10.0714,15.2006,0.2144,0.9983,0.0857,1.0996,2.6973,0
47.5653,35.8849,136.7000,110.4139,4.3872,8.8451,10.6394,0.6910,0.8383,2.7567,0.5839,0.0195,1
84.0144,36.0034,96.4167,134.9008,1.4055,7.5125,12.0304,0.2010,0.9089,2.5435,2.0373,1.1349,1
46.9579,34.0203,105.2943,92.2681,2.7114,2.0545,28.2243,0.0062,0.3755,0.6247,0.8678,0.3088,0
35.4306,40.9356,160.0914,85.7030,6.8341,8.0522,18.8571,0.6110,0.7635,3.5039,2.1394,0.1251,1
52.0839,17.2758,97.5763,134.2367,3.4562,8.4149,16.3393,0.0926,0.2841,0.9534,0.9268,0.7523,0
34.4366,35.2119,135.3794,205.0126,4.5686,5.2340,26.5983,0.2699,0.0981,2.2946,1.8607,2.3256,0
33.1441,39.9422,126.4377,193.1757,3.3511,8.9859,28.0593,0.2319,0.4683,1.6155,0.3288,2.3774,1
66.4080,24.3376,155.5256,140.9257,2.5429,9.8818,18.8243,0.2364,0.3749,2.8404,0.3047,0.2741,0
38.2445,31.9905,141.1478,150.7132,2.4008,1.9479,23.5267,0.6393,0.8940,1.2373,1.1268,2.0901,1
76.8520,27.6933,118.5546,145.7811,6.6966,5.8375,11.6608,0.2785,0.9575,2.0027,0.5595,0.6911,1
45.7575,36.4679,164.9930,134.6128,7.2062,7.0369,30.4729,0.9422,0.3604,1.3603,0.0916,2.4439,1
33.0003,24.2336,128.2755,187.8234,1.5871,7.0179,32.0049,0.9022,0.5692,2.9661,2.4847,2.5918,1
25.9035,30.7403,153.3171,109.7239,8.3932,4.7176,21.3982,0.8316,0.7159,3.5296,1.5362,2.6283,1
59.2123,40.4447,155.5454,99.5071,6.5813,8.7470,24.0190,0.9508,0.2057,2.6318,1.8166,1.3879,1
81.8079,16.4678,141.7955,89.4877,4.1050,6.4304,30.7377,0.9104,0.3638,1.6636,0.8884,1.5644,1
30.3348,33.1922,162.1319,150.0093,2.0583,6.8182,10.8909,0.8901,0.1039,0.8587,0.0719,0.4747,0
51.1726,30.7037,107.1543,185.3143,0.7891,9.7209,15.9445,0.3272,0.2016,1.4721,2.1798,1.9895,0
50.7997,37.7904,101.6333,201.5610,4.0425,2.9708,15.1475,0.6265,0.7303,2.9596,2.8954,1.0770,1
81.3831,36.0307,102.8040,212.9867,3.9381,3.0004,8.2852,0.9437,0.0155,1.3538,2.0178,2.2373,1
77.9984,41.6033,146.1207,68.3021,1.4053,12.1466,9.5193,0.8244,0.1888,1.2168,2.4067,0.2253,0
60.2252,21.5006,123.7407,210.3031,5.5865,3.9387,20.4037,0.2932,0.5808,2.4608,1.0119,1.1760,0
80.1514,16.5032,147.3126,131.1668,5.8385,11.0684,19.9881,0.6299,0.3863,1.8622,2.2263,0.2642,1
62.2423,22.9037,150.4475,145.1082,8.1222,4.0694,30.1123,0.3516,0.0095,2.0758,0.9397,1.2888,1
57.3414,26.6821,154.5512,198.0477,0.8387,4.0099,12.8237,0.0504,0.3570,2.0928,1.6407,1.0374,0
62.0802,25.0508,110.4367,124.1473,6.7591,9.6810,26.1589,0.2493,0.0922,3.9865,1.6527,2.2859,1
77.2745,38.8842,153.0746,172.0691,3.8101,10.7750,15.1800,0.9807,0.8838,1.0187,1.5081,2.4248,1
84.8914,34.0884,161.2320,139.3285,7.0361,8.2125,30.0183,0.4618,0.5389,3.4143,2.0803,3.0184,1
83.8122,18.1967,98.0154,168.2195,4.2587,12.1514,17.9314,0.9259,0.3638,1.5311,0.0541,2.1002,1
52.5717,20.7428,142.4355,205.6439,1.3883,2.8381,26.6219,0.1549,0.8106,3.9784,0.0071,2.7469,1
32.3946,40.4914,118.8466,148.4873,3.2849,8.2546,31.3524,0.6982,0.5234,1.8363,1.4677,1.6424,1
40.8005,40.5429,106.2085,104.1413,8.1217,2.9333,16.7739,0.4687,0.3330,2.8686,2.7676,0.6816,1
70.2158,24.9084,156.9762,125.9909,0.5430,8.7885,24.0418,0.0305,0.5581,2.8553,0.2239,0.6604,0
57.0305,18.2378,142.3011,182.6685,6.3013,5.4006,12.2281,0.4599,0.4004,3.5519,0.8026,1.3640,1
84.8902,34.9128,148.5394,162.9049,6.1843,8.1720,10.3560,0.4666,0.2772,1.2793,1.2103,1.4126,1
71.9875,33.7395,140.9957,126.3769,4.0092,8.1446,29.0284,0.3034,0.6681,1.4830,0.5923,2.7275,1
77.0991,19.5297,101.3492,135.5448,5.6897,10.0213,19.2449,0.1485,0.0926,1.6177,2.1147,1.2270,0
32.8667,34.5698,147.2258,104.9450,1.6151,1.6444,9.5847,0.2245,0.5711,1.6174,0.1400,2.9150,0
37.8378,24.6938,143.5078,72.9479,5.0750,6.3734,25.4907,0.0303,0.8312,3.3856,2.0952,1.8211,1
55.6463,25.0830,119.7008,93.1118,3.7277,7.6343,13.0798,0.0769,0.4433,1.1658,0.4724,0.2044,0
33.4948,17.7012,96.9730,177.4043,1.6295,7.4893,22.2514,0.8951,0.9665,0.5787,2.8525,0.5156,0
25.8862,26.7706,142.4230,164.4681,8.0617,9.8102,16.3545,0.1479,0.4682,1.4060,1.0586,0.7108,1
27.0975,16.1856,137.3336,115.9766,5.5890,10.3344,22.1133,0.3632,0.4892,2.4477,1.6239,1.1960,0
43.9948,37.8665,143.7893,138.1828,4.9679,1.3858,31.2664,0.5655,0.0977,2.0223,1.6119,2.5390,1
50.0123,26.8003,122.4112,192.4355,1.5161,6.8068,28.8189,0.8025,0.7507,1.6199,1.0592,1.9086,1
69.9469,32.2871,97.8448,98.1554,3.5792,11.0015,8.0537,0.2132,0.3272,0.2722,1.8654,2.8385,0
38.2696,17.4516,132.0761,191.9403,6.5527,7.1383,14.8960,0.3486,0.4628,0.2234,0.2018,0.1683,0
76.0691,17.6498,157.5282,72.1688,4.6762,4.6816,22.9916,0.5586,0.3808,1.7136,2.2411,2.8102,0
81.7936,38.8387,163.3332,80.0705,0.5495,3.2587,12.5423,0.3693,0.4142,2.9219,1.9129,0.3756,0
68.7784,38.3250,130.9718,204.4102,2.2050,3.7777,10.3669,0.1493,0.2000,3.0162,0.3473,0.3898,0
39.1758,19.8457,117.5766,90.4627,4.6597,10.8619,16.0172,0.0399,0.0207,2.2372,0.4917,0.6450,0
76.9372,19.0503,132.1710,122.3240,4.6334,8.5556,27.1810,0.4605,0.7687,2.5193,0.9816,2.9773,1
35.4380,19.8317,134.5974,133.3214,5.7090,4.6048,14.5333,0.6518,0.8281,2.8156,0.2134,1.6398,0
64.6234,38.6053,141.8526,166.9824,0.5490,2.8545,12.8139,0.1445,0.2733,1.5499,2.7962,0.2550,0
28.8461,25.2469,104.9981,75.7397,8.5074,6.8425,30.8371,0.2699,0.7637,3.6076,2.0543,1.0974,1
66.3121,37.7907,153.4280,193.3193,5.3825,1.8858,31.6724,0.4016,0.6697,1.8916,0.5107,0.0629,1
26.1458,35.9164,139.6823,115.7807,6.0037,1.9843,15.7703,0.0288,0.3862,1.9193,1.4505,1.7181,0
33.6508,41.2475,147.9708,211.7510,1.7469,10.9411,10.0376,0.9170,0.9700,2.7736,0.8656,0.5039,1
73.3956,20.8084,118.2369,166.9428,5.4504,9.1740,11.1232,0.5240,0.8063,1.6266,0.4019,0.4466,1
76.7035,29.5325,121.8311,169.0268,0.7409,3.2127,12.3127,0.4425,0.2268,2.2335,2.1642,2.1709,0
71.1297,29.4911,163.4958,98.0438,2.8185,7.3634,10.7887,0.4038,0.8513,3.9838,2.5504,1.8485,1
59.3886,25.4100,161.3562,88.7060,1.4167,9.1461,28.5229,0.0345,0.6282,2.2426,0.7121,1.4744,0
33.5258,20.9576,128.7362,179.9306,8.2639,6.2669,31.0912,0.6866,0.9625,3.4002,1.6883,2.0767,1
49.2019,28.8790,108.6052,166.7827,1.2952,3.7815,15.3842,0.8256,0.4162,3.7388,0.0482,0.0559,0
52.1289,25.3223,155.7985,79.2661,1.7438,5.2644,25.0437,0.5259,0.6123,1.4546,0.5826,2.8630,0
36.4987,36.1076,151.3929,77.2696,7.6862,10.1451,24.3009,0.7147,0.7967,1.5523,2.6653,0.1010,1
73.6421,24.2693,112.3508,193.2234,4.5845,5.5335,22.8823,0.1205,0.1620,2.3858,0.7155,0.1536,0
34.5290,24.4376,106.9156,162.3072,3.4867,7.0788,25.5969,0.6955,0.8059,0.3738,0.8708,0.8627,0
83.1332,36.0101,113.4885,195.8480,3.0776,11.0640,18.3007,0.6405,0.1330,0.0939,1.3928,1.3664,1
32.6409,20.1335,123.5089,207.8456,2.0225,11.2108,11.3993,0.8805,0.3553,1.5779,1.0014,1.8231,0
55.4719,26.1096,152.3765,148.0835,2.3051,6.2267,24.0096,0.5490,0.1257,2.9569,2.8847,1.4713,1
34.4245,37.8492,147.2386,87.8702,0.6704,6.5568,8.3600,0.6223,0.4954,0.3794,1.9292,2.4277,0
26.5265,31.3989,103.9854,133.1019,4.8759,6.8661,22.6238,0.2300,0.6108,0.6387,1.2319,2.2253,0
56.0819,29.8931,124.1695,209.1655,3.0106,2.3115,11.5439,0.8683,0.2448,1.2434,2.2967,2.5442,0
46.9524,17.1323,157.5736,92.0376,5.8639,1.3582,21.7151,0.1595,0.8007,0.1092,2.1288,2.6856,0
66.2573,17.4859,108.2564,174.8649,3.8386,4.9658,12.9324,0.4526,0.3384,1.2221,0.8151,0.2292,0
57.5979,29.2098,162.7233,206.0151,3.2618,1.6394,31.4319,0.8596,0.1492,0.6140,0.6462,1.1186,1
36.8737,17.5138,101.0477,163.9169,3.2659,10.2664,19.9256,0.2982,0.1470,1.3148,1.0121,0.4689,0
25.2747,37.6194,118.2282,78.5084,6.7989,4.4236,14.6298,0.2728,0.5699,0.9543,0.2807,2.1483,0
75.2700,29.2486,147.3846,191.2527,1.6846,7.2656,27.5723,0.5088,0.8387,2.7237,2.4187,0.6651,1
46.2251,21.1300,145.0284,193.2329,5.7835,7.3213,13.8044,0.1742,0.6681,0.5165,1.7080,0.4470,0
57.8914,18.6538,140.5285,113.5223,1.7311,6.9667,14.4968,0.8945,0.5943,1.4281,0.9012,2.3893,0
57.2614,29.7172,147.0266,122.7607,2.5932,1.0972,10.0802,0.5256,0.8756,1.7399,2.9069,1.7415,0
49.9969,38.9864,161.1265,180.5132,0.5287,5.1691,21.4220,0.9019,0.1623,2.8826,1.5272,1.4216,1
77.7454,27.7136,112.6720,126.0481,5.9696,10.3246,12.9510,0.4743,0.6663,2.6536,0.4132,1.8727,1
79.5979,35.2713,123.4813,84.5715,6.4182,7.9656,10.1527,0.3443,0.4680,3.8218,0.8784,0.0744,1
37.4111,35.2687,148.1642,105.4419,4.0255,3.7777,16.9895,0.8889,0.8846,2.9360,2.5176,0.2538,1
68.7285,17.6523,128.0809,188.3810,6.5926,2.0647,16.4323,0.4654,0.8760,3.8013,1.8315,2.4893,1
49.6012,29.7518,106.1704,196.9134,8.1822,7.3808,20.2445,0.3481,0.7601,2.8108,1.9123,1.3744,1
60.7208,33.6496,164.3719,71.3617,2.4233,1.6943,13.8282,0.7385,0.6608,1.4931,1.7560,0.5742,0
34.1068,31.1204,153.0909,158.4734,8.3244,3.9347,13.3754,0.4236,0.8291,3.7659,1.6142,0.8129,1
43.9525,28.0520,147.3009,129.6848,6.2943,9.1064,21.8746,0.7190,0.8294,0.6512,1.9871,2.6188,1
65.5847,33.3772,127.7468,72.5530,4.6054,4.8834,21.6273,0.5107,0.6027,0.8572,0.6420,1.6340,1
43.9750,17.0887,128.4789,186.7044,5.2115,9.0462,24.5466,0.8646,0.7042,0.4411,1.5350,0.8190,1
40.9705,32.9890,128.2213,145.2239,4.4771,4.7808,15.9836,0.7139,0.5116,3.2029,1.9104,1.4955,1
81.7037,31.0579,128.5293,189.9906,1.8896,5.7621,31.6124,0.9356,0.1956,3.2784,0.3372,1.9380,1
58.3091,30.1757,117.1661,162.1044,7.9446,10.8726,13.5506,0.4259,0.2463,1.8582,1.7427,1.7838,1
27.8199,38.3908,132.2948,162.9921,6.2540,7.1213,8.1803,0.5340,0.2790,0.3475,2.0191,2.8024,0
54.6822,17.8444,102.5216,166.7084,5.1907,3.7143,12.7446,0.3891,0.9991,0.4051,2.7806,1.5784,0
65.5208,33.3653,121.6985,89.4428,5.3016,2.1121,30.2514,0.0234,0.1387,2.8885,1.8557,0.6884,0
33.2701,31.8819,163.6928,117.7333,4.0541,11.3295,20.4683,0.3244,0.1389,3.8369,2.6576,0.5073,1
75.9613,36.6584,104.8946,87.3624,6.6072,10.9453,26.9061,0.7672,0.3345,3.3622,2.4573,2.8397,1
30.8616,23.5750,123.5437,123.0595,2.3131,6.1394,21.3385,0.9310,0.0920,0.3647,1.1518,0.1243,0
75.1509,29.3072,158.2004,197.3384,5.2429,11.5248,10.5610,0.0930,0.3965,2.1821,0.5806,0.9655,1
47.3838,40.7295,98.1107,74.0183,0.7532,11.0142,15.3401,0.6287,0.3430,1.4999,1.3734,2.8084,0
36.4675,31.5594,110.7911,138.0409,7.8086,4.2008,12.9301,0.7278,0.0920,3.8299,1.8145,1.0475,0
22.3588,33.5756,112.1962,154.3052,6.9523,4.5690,12.0252,0.5206,0.8201,0.0928,2.0449,1.8057,0
50.5330,38.0053,151.8005,79.6897,3.8406,5.4003,17.6909,0.7957,0.5535,2.0738,1.1448,2.9714,1
65.9398,20.3079,113.5089,186.2025,1.5367,10.8522,14.7720,0.2657,0.1199,3.4642,1.8006,0.9327,0
76.1497,39.2056,118.8420,148.2466,7.1327,7.7414,25.2332,0.6350,0.1784,1.3491,2.9417,2.8476,1
70.7714,36.4571,143.0960,151.2569,0.5729,7.7558,17.5616,0.2924,0.6841,3.5150,2.9723,1.1231,1
53.7522,24.9225,152.8303,136.0436,4.7577,6.5883,20.6508,0.1750,0.4687,3.9575,1.6064,2.4036,1
65.0400,31.8113,135.2087,108.0178,1.3518,2.9509,12.2877,0.8454,0.1083,0.4486,1.8528,2.7426,0
53.6645,26.1052,121.4631,86.4240,3.0292,4.1472,20.0789,0.2678,0.0561,3.4467,2.4714,2.1995,0
26.3500,16.1553,145.5328,208.1306,4.5539,7.1354,23.0153,0.9615,0.3065,3.3966,1.4850,1.3703,1
68.8765,16.6896,102.7136,163.9268,1.8713,9.3117,31.9846,0.8364,0.4835,2.2771,1.7662,0.3680,1
68.9586,35.7643,95.5010,135.1284,0.8821,4.4626,22.7122,0.5505,0.6686,2.0744,0.8457,1.8037,1
82.7021,21.1772,129.5007,158.7023,6.9752,3.5258,31.0689,0.2692,0.3185,3.8268,1.8102,2.6750,1
63.2776,33.9014,96.1037,131.2646,7.6343,4.3705,15.2623,0.3478,0.4110,3.6155,0.4495,1.0128,0
73.4865,25.8032,139.4721,98.8826,8.2158,1.2598,29.2089,0.9671,0.5278,1.4993,0.7938,0.3073,1
57.0473,25.1224,137.7899,163.2590,1.1580,6.8111,32.1499,0.5654,0.5519,3.7920,2.9227,0.9679,1
45.1577,21.9596,112.9915,119.4075,2.6751,6.6872,20.5923,0.7801,0.3962,2.0442,2.9062,0.0571,0
34.4535,15.6829,145.2577,163.4392,4.2439,11.5530,10.4008,0.8762,0.4786,3.7128,1.6370,2.6528,1
33.9592,41.0802,155.8860,209.8547,3.5737,10.1458,24.1691,0.8559,0.5641,0.4694,0.6289,2.0850,1
51.2779,30.9027,158.7669,185.3410,5.7662,8.5240,29.0870,0.2156,0.6186,3.4934,2.7408,0.8111,1
67.0940,32.4779,100.7804,187.7875,5.5581,10.3753,18.7519,0.4148,0.5168,3.5152,0.3307,0.4488,1
45.4651,28.0493,148.0364,118.3714,6.1848,9.2568,22.9762,0.3566,0.6895,2.9080,2.7620,1.2605,1
74.9162,35.0913,152.9478,206.8108,7.0421,2.2765,12.4701,0.8181,0.7733,0.7830,1.2039,2.1496,1
59.3491,30.1792,137.3956,186.3174,1.0841,8.1668,32.1984,0.1097,0.1149,0.3366,1.1008,0.7431,0
53.5834,25.4688,129.5123,115.4638,4.5016,2.5137,16.6594,0.4252,0.8335,3.2504,0.2266,0.0911,0
67.5949,27.7064,146.9990,70.7358,2.7361,2.0854,27.7951,0.3845,0.2432,2.4168,1.2709,0.6971,0
33.1203,39.3914,140.2839,212.5155,4.2981,5.2606,25.9960,0.7622,0.0083,3.7684,0.4184,0.8579,1
79.7680,36.2306,116.3310,140.7560,3.8150,4.1852,22.3211,0.6980,0.8865,1.1317,2.0150,0.0978,1
53.3981,16.9208,164.5454,190.8052,1.6325,5.7484,8.5799,0.1439,0.0636,0.6956,1.3228,0.6473,0
40.7510,37.5449,120.0374,105.7779,3.8340,4.2745,24.7115,0.6031,0.8023,0.0629,2.3252,0.3757,1
36.5634,23.1954,154.9704,83.4857,1.9099,6.6170,30.9960,0.5852,0.6075,2.7195,0.0082,1.4857,0
66.5208,31.4140,157.4495,194.1481,5.8399,10.4599,16.7229,0.0368,0.3250,1.6454,2.1117,2.2808,1
34.9730,36.2640,129.8722,169.8979,2.7137,8.0282,26.9035,0.9668,0.1368,0.1720,2.8621,0.0567,0
81.1009,37.0760,142.3597,204.7148,0.6598,10.3754,18.6467,0.5005,0.9446,2.7144,2.4080,2.5315,1
61.0636,20.4330,161.0434,181.7469,3.7115,5.1110,13.3037,0.9355,0.8233,3.4685,1.6844,1.4601,1
57.0760,32.0522,131.7259,98.1550,3.0482,8.0114,10.4881,0.1319,0.7492,2.3253,2.9568,1.9648,0
79.9916,19.7005,106.2564,190.9002,5.9768,6.5112,23.0462,0.9395,0.4381,2.1377,1.7869,1.2428,1
31.5671,40.5586,123.5336,107.0826,6.0412,9.5502,30.5681,0.8139,0.9942,1.0519,0.4314,2.0697,1
26.3938,36.2392,146.3460,156.5712,6.0653,11.4809,21.5410,0.4163,0.1319,2.2606,1.7184,1.9819,1
39.6997,41.3101,163.0133,105.5893,1.3020,2.3149,18.9459,0.5770,0.3820,3.0101,2.5975,0.7329,0
68.4007,32.7609,153.3282,201.1205,0.4948,5.3238,27.0946,0.1716,0.4308,0.7155,2.4928,2.5161,1
70.8202,19.5711,155.8112,197.8416,1.3281,10.0909,18.7617,0.3864,0.0860,0.0582,1.6216,0.7544,0
69.2612,40.5197,98.6175,109.4393,1.3561,4.0184,18.9798,0.7489,0.4691,0.7627,0.7939,2.3009,0
27.0507,29.2605,160.7621,111.7822,2.9638,11.7369,15.1593,0.1345,0.5202,3.5457,1.7414,1.2647,0
43.7221,25.4102,118.7615,141.6877,2.4200,7.4026,19.5985,0.9644,0.5128,2.3259,0.7675,1.3459,1
39.0205,17.1660,116.1183,100.2638,3.7636,3.8323,13.6290,0.6689,0.4178,3.9144,1.1572,2.4567,0
47.6516,27.3306,119.9242,141.2130,6.2741,4.7856,25.1457,0.6125,0.3231,0.0649,2.8183,1.3490,0
48.8437,31.2408,96.9201,136.4533,2.4530,3.9139,11.1341,0.9463,0.3399,1.6275,0.0754,0.4266,0
53.1619,29.3313,164.7211,142.1388,2.8311,1.0435,20.4467,0.8370,0.2278,1.1776,2.0176,2.8992,0
81.4561,30.2450,156.5062,110.8396,1.1330,7.0185,14.1925,0.3211,0.2563,1.0175,2.8508,0.6108,0
62.5259,38.5947,100.4686,97.9963,6.3735,5.7900,19.9488,0.2910,0.1523,0.3197,1.2452,0.9784,0
25.0430,21.7586,131.8406,149.3548,8.3871,8.5943,24.9700,0.0386,0.3119,2.4771,1.1918,2.0851,1
46.3215,23.3351,96.4593,124.9840,5.4365,6.2239,30.2834,0.6959,0.1882,2.1955,1.6682,1.0356,0
72.0942,22.6823,140.1506,194.2436,0.8354,7.8005,31.6878,0.4119,0.7554,2.9070,1.4147,2.9995,1
30.9681,21.4233,120.3486,173.6118,3.4166,4.0258,25.7131,0.4558,0.9152,1.6275,0.1609,1.4200,0
55.7402,38.3039,129.2888,113.5541,2.8752,7.4900,30.5374,0.2278,0.3265,2.6271,0.3799,1.5145,1
49.6174,33.3809,126.2645,150.6488,0.6158,8.4055,25.8438,0.3925,0.5362,3.7689,0.0169,2.6541,1
85.1964,20.7374,150.0642,119.4155,7.9924,2.4918,11.8148,0.6855,0.8311,3.9591,2.7583,0.9580,1
50.6246,34.3535,144.9898,86.7382,6.4241,3.1857,9.0679,0.8448,0.0333,2.6834,2.6942,0.0494,0
56.0613,36.2977,109.7868,149.9738,7.6624,7.4024,30.9694,0.6499,0.9425,0.7930,1.9611,2.6089,1
84.4220,21.7731,125.8319,136.2615,0.5807,4.9599,17.9283,0.5868,0.1428,2.4276,1.6666,2.2668,0
23.1156,18.5536,151.1952,141.3360,1.0768,2.5644,32.1994,0.6172,0.2465,1.9939,1.3465,2.5804,0
43.6952,27.5245,151.8914,200.7354,4.1627,12.1028,29.3354,0.0682,0.1592,1.4069,2.7767,2.8301,1
78.6641,19.5042,161.5611,86.1804,4.7037,5.7379,18.3786,0.0496,0.6608,2.8496,2.8972,2.9821,1
36.5944,18.2992,146.3383,188.1308,5.8421,2.5092,19.6682,0.4508,0.0804,1.3694,0.5337,1.6546,0
50.2998,21.7780,119.3095,197.2869,1.9252,10.4785,31.4261,0.4421,0.5835,1.4734,0.3787,0.3048,0
69.8406,22.1504,114.0555,111.7105,4.4628,7.7348,14.2961,0.4581,0.3521,0.8735,1.7838,0.2911,0
45.1693,33.4140,105.9353,140.3446,3.1563,1.2507,15.8863,0.0123,0.7859,2.9061,2.6519,0.8734,0
65.9132,37.2920,152.3460,72.1646,2.4005,7.5963,23.1345,0.9120,0.5023,2.9139,1.4162,2.0928,1
48.0132,29.8640,127.7518,172.1578,0.9650,5.6045,23.4642,0.0224,0.4135,0.6761,1.6285,2.0923,0
27.9855,35.9808,149.7846,191.7338,2.1101,6.0830,10.9483,0.0550,0.8845,1.8033,0.7436,2.4005,0
44.3392,23.6731,136.2483,202.5636,8.5388,4.3193,23.4867,0.2861,0.2738,0.8820,1.2819,1.7509,1
63.7487,27.0922,116.4429,133.4933,0.9667,11.3055,22.3868,0.9961,0.7030,0.1743,1.4540,1.4771,1
55.0060,40.2759,113.6179,151.7788,3.8198,6.0549,21.1324,0.9062,0.9362,2.8189,0.5157,0.6229,1
76.4919,31.0026,133.8680,85.2199,6.9355,7.9316,31.8591,0.0379,0.8748,0.3428,1.7741,1.0655,1
39.2135,23.6211,111.9229,210.8253,2.3298,1.3206,29.3702,0.0035,0.9686,2.2697,2.7985,2.2959,1
56.6160,23.0104,136.3271,200.0999,5.7873,10.6498,21.8134,0.9391,0.9443,0.9579,0.3673,2.0952,1
70.8936,27.5531,143.3495,169.5848,1.0029,5.2601,24.5819,0.7437,0.2951,0.6515,1.9802,2.9094,1
65.3940,29.5380,163.9921,140.6020,5.5476,1.1460,29.1822,0.4472,0.8606,3.1609,1.3197,0.3350,1
37.6144,40.3641,153.1088,198.2445,6.0270,10.0795,28.3744,0.0326,0.4942,1.2529,1.1667,2.7729,1
59.6971,41.0656,112.5034,176.5351,6.5674,8.3524,27.2718,0.0181,0.4967,1.1549,2.0913,0.4076,1
63.2782,38.3739,108.6813,177.1174,6.3522,7.9592,22.0678,0.9856,0.8583,1.9862,0.1187,0.5792,1
44.7231,36.8700,120.9443,186.9578,5.9997,7.9081,29.0118,0.3988,0.4874,2.2187,1.5775,0.8744,1
24.4414,29.1194,107.7409,163.1374,4.9190,11.0237,26.3786,0.5344,0.5320,0.0313,0.9418,1.5684,0
74.9321,20.9158,131.0884,180.8237,2.8975,11.2633,31.1673,0.6320,0.1227,1.3073,1.8358,0.1346,1
38.9076,40.5270,110.0094,178.7750,3.1877,7.8483,32.0819,0.4750,0.7380,3.5761,2.3826,2.6105,1
40.6130,30.2589,104.1379,213.1291,1.1034,6.2629,18.6830,0.1685,0.9262,1.2709,2.1626,2.0406,0
41.6030,30.3547,148.4892,154.4971,3.7665,6.0142,26.6634,0.4538,0.8047,0.8591,0.4819,1.4720,1
45.5070,22.1196,124.3921,77.2242,3.5462,7.9212,16.8355,0.2717,0.1254,3.2488,0.4689,2.5281,0
84.2048,15.7272,123.9458,83.2785,8.1217,5.6151,20.0634,0.3454,0.8045,2.9547,1.9268,2.8018,1
45.3426,38.5691,142.1284,110.4246,6.6165,6.2733,30.7417,0.4512,0.8525,1.4401,2.2039,2.4520,1
70.8288,38.6064,108.4428,190.8644,4.0217,2.0186,24.6069,0.0641,0.6198,0.5711,2.4209,2.8545,1
55.8230,35.6932,97.0927,167.2069,2.2005,10.1078,16.7383,0.4250,0.8967,1.8181,0.4385,0.8597,0
51.9253,39.0958,130.5453,127.7793,5.3466,6.4768,16.2344,0.3109,0.3808,3.1148,2.6215,0.9541,1
79.2722,34.9010,138.2164,119.2070,1.3865,2.4029,22.4987,0.0793,0.7010,1.0851,1.4897,1.8716,1
44.6816,31.4449,118.9581,72.6434,1.7248,4.7100,23.2286,0.8167,0.9334,0.2443,1.4325,1.6770,0
49.4010,29.4830,128.5779,193.9564,5.5419,5.5630,20.1368,0.3436,0.6394,1.2922,2.6845,1.0972,1
82.8366,26.3063,124.5371,170.1468,3.7941,8.4150,25.2949,0.2499,0.3546,1.0904,0.4303,0.4731,0
68.0804,33.6169,118.3496,94.1443,7.0513,2.4283,25.3901,0.7868,0.3413,1.3844,0.2255,2.2206,1
35.1247,18.2812,120.9753,112.3980,6.0451,2.7547,28.8204,0.5155,0.6668,1.7736,0.9205,0.3735,0
65.0201,27.5942,128.3797,109.6820,4.4636,11.2865,15.2335,0.9944,0.2653,0.2106,2.1843,0.6244,1
61.5903,19.9577,149.2957,141.3679,5.8090,5.6470,20.6469,0.2271,0.9400,2.3298,1.6799,2.7049,1
65.3733,20.9413,126.7299,84.5010,0.9176,8.0955,20.0580,0.7778,0.0720,3.1043,1.0765,2.7207,0
80.5296,36.9644,132.6670,192.3709,6.5849,7.4083,17.0196,0.1591,0.4733,0.9419,1.9881,1.4066,1
44.7011,33.2138,140.9000,161.5601,5.8932,10.8457,22.8939,0.3576,0.3564,1.6364,2.3855,2.7007,1
84.3433,27.1758,161.4839,129.0943,1.9021,6.6947,26.8326,0.7658,0.0556,1.0421,2.1401,0.9505,1
41.0343,38.0367,160.1229,79.1044,6.6276,11.4888,8.9612,0.4502,0.3847,3.5730,1.9106,2.3768,1
34.1316,29.4409,104.3914,179.4207,5.8163,8.5021,17.7645,0.6526,0.3633,3.8618,1.1748,1.5746,1
50.5031,39.0086,146.9576,117.0652,6.7475,9.8097,25.2290,0.2715,0.6837,2.3554,1.1872,1.0190,1
82.6619,41.1782,110.1772,161.6061,4.0467,6.3795,29.2663,0.9300,0.2283,3.8439,0.6314,0.8925,1
72.1808,24.7074,109.2387,106.6763,3.2209,1.8171,23.7839,0.7149,0.8771,0.3157,0.5622,0.1393,0
82.4556,17.0626,159.3910,78.1214,5.3795,5.8258,31.9032,0.6593,0.9980,1.4546,0.6393,2.3769,1
51.3044,32.0216,101.4794,159.8333,0.8672,1.7475,20.8617,0.5797,0.6805,0.9019,2.8555,0.5094,0
62.2059,23.6420,119.8028,187.3921,0.6678,4.1370,27.0693,0.4509,0.4995,0.1778,0.5163,2.0777,0
55.4588,30.5227,126.2294,110.2218,2.4023,3.7558,13.9361,0.5072,0.1841,2.8382,2.8552,0.4833,0
49.8635,32.5383,119.1642,157.4569,8.2813,11.2724,17.9321,0.6811,0.8898,1.6916,2.8770,2.6958,1
68.6379,22.8324,152.5909,93.9150,4.4831,3.2897,22.4797,0.2207,0.9640,0.7722,0.4432,0.3819,0
80.7644,25.1896,154.4157,200.0910,6.6333,7.0818,10.4645,0.8589,0.4738,1.3617,0.6959,1.7190,1
36.4379,37.3545,126.6697,206.6106,4.9330,6.0316,14.2530,0.4359,0.7909,0.9184,0.7952,2.2428,1
72.1582,20.8379,135.3457,204.4350,8.0467,5.8556,10.6649,0.6945,0.0277,0.1741,1.5399,1.5074,0
80.5148,29.6718,109.1205,137.6550,8.0524,1.6605,15.8211,0.9990,0.1683,3.2610,2.4352,0.7296,1
50.4299,39.6545,144.6526,87.4138,5.4385,4.6922,24.2454,0.5231,0.9070,3.5323,0.3371,2.9413,1
45.1216,28.0007,115.0896,117.5765,6.3001,9.5716,15.6826,0.1358,0.5905,0.1949,2.5302,2.5909,0
33.0642,26.1126,145.9657,160.5272,7.0309,6.0230,23.5222,0.1216,0.2001,3.9387,1.6902,2.1211,1
67.8713,40.1490,142.5269,213.9112,2.8371,1.9944,29.8343,0.7860,0.6866,2.7408,2.3277,1.9906,1
48.2359,30.2263,138.7714,205.6796,5.8897,11.3685,16.2145,0.7761,0.8133,3.6756,0.9252,2.7272,1
45.0978,36.6975,106.8200,169.6773,6.7548,1.5615,26.4267,0.5992,0.7961,3.6439,1.4624,2.5157,1
81.6141,41.2133,144.2177,177.7236,3.8558,3.3325,13.1564,0.4181,0.8538,1.9379,1.8169,2.8941,1
77.2434,19.0525,155.3649,151.5008,6.6497,11.0861,20.8308,0.4407,0.8717,1.8155,0.4918,0.8008,1
28.1072,32.5272,125.3086,123.9268,2.3575,6.2923,8.5290,0.7889,0.7359,1.8806,0.1675,1.6989,0
69.6158,23.4205,166.2834,203.0152,3.1937,10.1003,20.1676,0.3269,0.6075,2.5150,2.0327,0.4345,1
49.1905,22.6122,143.5476,77.4927,6.2355,4.9803,10.2803,0.9007,0.8459,2.3432,2.7592,2.4955,1
73.8781,23.5323,162.2546,160.3880,5.4642,6.5141,16.5718,0.7170,0.1448,1.2124,2.1286,2.9199,1
42.7462,39.7842,157.8667,154.6792,1.6331,9.9835,12.7555,0.7973,0.6064,1.9133,1.0159,0.1716,1
84.2798,24.6378,143.1627,107.0421,2.9231,7.0118,15.9454,0.6338,0.3425,1.9172,1.5012,2.5640,1
57.3290,25.3563,138.4215,203.3407,7.6672,7.1492,29.8277,0.8662,0.0963,3.2154,2.0982,0.9281,1
26.7811,36.6382,133.9187,191.8047,2.1057,9.2088,31.8487,0.3019,0.5301,0.8993,1.9683,2.4375,1
46.2841,29.7431,104.4781,170.1697,1.3284,8.8093,8.5585,0.6770,0.4464,3.4929,0.0128,2.5548,0
51.5425,29.0252,129.3809,153.5180,5.1081,4.7344,11.1255,0.1721,0.5367,1.2344,1.4239,0.7970,0
31.2420,40.5186,147.0460,191.7204,3.6834,7.6474,19.4982,0.4859,0.5217,2.6701,2.0620,2.2070,1
34.5314,40.6868,144.0114,179.6271,3.1602,9.7306,17.1743,0.6708,0.9127,1.8023,2.2093,2.2761,1
64.2301,19.8082,135.5754,112.0055,5.2527,2.9819,31.1099,0.6193,0.3355,3.7997,0.6080,0.1348,0
42.3236,17.1851,142.2478,98.3382,6.3980,3.6823,17.8214,0.8252,0.6467,3.5040,2.1151,0.1686,0
30.4697,29.4003,151.4868,186.8495,0.8711,5.6726,15.8819,0.9449,0.2349,1.8663,2.8831,2.5505,1
80.6457,35.8160,145.9630,201.9647,6.1778,6.4628,8.6049,0.8087,0.4329,3.5291,0.1560,1.0981,1
46.0430,34.3655,148.1171,133.2346,3.9369,2.3479,22.8339,0.4895,0.8821,1.8950,2.7443,0.2453,1
26.4863,38.4358,157.9464,84.3373,7.5362,7.3455,25.8693,0.7679,0.1729,1.6738,1.4137,0.2657,0
58.7447,19.0804,154.4919,163.0220,1.3566,9.1045,10.6724,0.3645,0.6953,2.6821,2.2447,2.3636,1
34.5164,33.0428,145.3327,125.0890,2.2144,5.9003,27.2866,0.7470,0.1904,1.1290,2.2626,2.6184,0
73.2274,32.1929,101.1123,158.5236,6.7213,1.3959,24.1588,0.4343,0.4930,0.8238,1.5147,1.2594,1
52.2714,31.5226,163.9340,176.0642,7.6550,8.7447,29.1211,0.1138,0.8808,1.0679,0.2783,1.9314,1
50.2833,36.8007,162.2950,66.3487,7.1255,11.3409,11.5055,0.1746,0.5373,3.0114,2.7896,2.3965,1
61.2762,24.5371,113.3596,141.2702,5.5178,2.2014,16.5585,0.4439,0.2157,1.5231,1.0385,1.0087,0
68.9610,18.9766,131.9545,180.9622,2.9011,3.9507,30.9956,0.2844,0.6557,1.8838,1.6427,1.8820,1
37.8931,34.6675,128.5535,205.7834,7.5587,5.7781,23.5053,0.8582,0.6236,1.5675,1.3918,1.4603,1
77.5661,29.0695,129.5029,125.1606,0.8236,1.8825,30.0238,0.0926,0.2410,3.2666,0.1724,0.0929,0
86.1782,21.0016,121.3953,104.9570,6.6473,1.8708,22.3098,0.9985,0.7870,0.2578,1.7446,0.8003,1
70.9153,38.3500,126.5297,118.0830,6.7728,1.1190,13.8336,0.4788,0.0797,1.0072,0.7738,0.9592,0
46.9668,36.0212,158.8033,209.5038,4.9127,3.0629,26.5138,0.4923,1.0013,3.3632,2.4582,1.0857,1
29.7345,18.3896,106.0451,138.8370,6.7592,1.8023,20.5098,0.3774,0.6137,3.2601,1.5891,1.4146,0
37.1531,33.9965,146.9002,94.3617,2.7661,9.0743,14.8406,0.2061,0.6042,1.0336,2.4364,1.9580,0
67.5275,22.9278,136.7779,137.6860,0.7214,7.5460,12.7524,0.8544,0.7486,3.4029,2.1015,2.6361,1
46.4429,26.2639,97.1300,172.7099,7.6895,1.1677,18.9399,0.0746,0.9589,0.6487,2.2827,2.8942,1
82.9849,17.4896,142.1802,100.5779,8.4940,5.9384,13.4918,0.6600,0.1274,4.0099,0.9979,2.5737,1
31.8048,33.1574,112.6234,78.2034,8.4527,3.4301,12.0054,0.7435,0.1042,3.7718,0.0482,1.2845,0
41.5125,35.9318,120.4622,132.6625,5.5907,7.9817,19.9991,0.4567,0.1904,0.6672,0.8782,0.1897,0
46.8485,40.8281,113.3314,117.4137,7.1675,7.3182,21.1026,0.4435,0.2079,1.7145,0.9077,1.4982,0
48.6655,25.1954,146.7350,178.9873,6.0286,6.2329,25.2031,0.6500,0.2584,3.6892,2.3515,1.6110,1
35.2857,17.3109,148.1369,121.6092,3.6776,10.4452,30.5037,0.9817,0.8836,1.9154,1.3603,1.5002,1
46.6788,16.5570,144.3927,182.2553,6.8320,9.3489,18.0408,0.9573,0.4447,0.1990,1.0889,0.0861,0
42.8492,37.8233,113.8314,189.6474,4.2083,3.3866,27.1883,0.7021,0.4658,2.2581,0.2825,2.4134,1
77.4518,35.4393,102.3729,198.2960,3.9059,7.6545,11.9945,0.8196,0.1127,1.1389,2.1729,0.6145,0
37.3992,19.8054,134.3019,82.1704,7.2488,2.5685,14.3939,0.9582,0.5473,0.2077,0.6545,0.3647,0
39.7722,16.6668,102.0036,103.7121,3.3168,1.2375,18.5266,0.6151,0.9979,3.7508,2.8914,1.0853,0
37.9519,40.6459,127.1717,108.7920,5.3115,3.3685,31.9581,0.2364,0.0199,1.6620,1.8495,0.5661,0
50.9496,34.9439,105.9180,89.6959,7.0497,1.4681,9.0455,0.7936,0.8435,3.2936,1.3912,1.6823,0
65.4737,27.6930,164.9956,203.3868,0.7815,8.8962,14.6406,0.7663,0.1461,3.8982,1.0512,0.6863,1
55.3584,35.1239,132.1720,96.4122,7.9086,3.2870,20.9384,0.7269,0.0785,1.1033,0.7522,2.6845,1
38.2806,15.6435,130.0848,85.4417,3.7713,2.2848,19.4461,0.6030,0.8882,2.0025,0.2562,2.7977,0
69.7102,36.1857,153.1820,114.6566,0.6948,5.0006,31.6306,0.7035,0.3377,3.3548,1.2424,0.1468,1
63.9808,17.8561,104.7292,186.5166,4.6025,4.3912,29.1868,0.7921,0.7237,1.8747,1.9569,2.6154,1
71.6849,17.0653,107.0181,145.9228,8.5236,8.2808,12.3673,0.9683,0.9953,0.2884,2.1566,2.4131,1
66.9114,38.9016,154.7154,175.9815,6.9545,4.9572,11.1082,0.5382,0.1026,3.9633,1.2624,1.5016,1
51.2405,30.9608,114.8930,138.4813,6.5634,12.0875,12.1888,0.9383,0.8854,1.2997,2.8202,2.5149,1
46.7125,31.0495,107.3727,206.9044,2.5788,10.1877,13.8094,0.9250,0.5815,0.5859,2.5450,1.5307,1
81.0606,33.0412,130.5683,144.2778,5.6488,7.9305,25.7489,0.5023,0.2171,3.5422,2.5874,1.9402,1
81.2440,29.9550,105.6356,89.1548,3.2778,4.6455,30.5041,0.3662,0.5953,1.7523,1.8883,1.6380,1
45.5631,32.7362,118.4872,159.3614,6.5014,7.8035,27.8872,0.2044,0.0478,2.7678,1.7481,1.8754,1
24.7586,23.6217,119.3888,179.3334,8.4366,9.6911,26.7865,0.7323,0.8876,2.6624,2.9873,0.3411,1
79.9136,36.7076,105.1418,138.7338,2.0757,6.8481,14.7534,0.7497,0.7711,3.1805,1.5727,0.1025,1
43.2351,33.6602,107.2623,123.1941,7.8683,2.6198,10.2165,0.6541,0.4228,0.1839,2.4249,1.2050,0
79.4423,40.2117,134.6051,157.3729,1.2955,10.4745,10.2039,0.3187,0.5443,1.4117,2.8342,0.5893,1
43.6420,40.8890,104.8327,102.6913,2.5900,2.7558,10.9844,0.4890,0.1636,1.4186,1.8851,2.1679,0
84.4220,34.9717,112.5592,168.6169,4.7111,11.9202,11.8434,0.6135,0.8767,3.5570,0.3746,1.5661,1
28.2547,28.3859,111.8239,129.5761,3.5556,1.9897,8.7610,0.6518,0.8945,2.7705,2.9641,2.6340,0
72.6706,37.6363,125.4603,161.7136,6.4246,4.3230,25.7401,0.5194,0.0425,0.2585,0.5355,1.6566,1
30.8342,25.4366,157.7987,155.5230,5.0322,12.0307,11.0183,0.0240,0.6636,0.6581,2.6641,2.9260,1
62.2314,30.1885,97.0671,101.0490,2.4301,11.9878,9.4504,0.3112,0.6743,1.7820,1.1139,1.7496,0
33.9490,17.4956,111.1535,192.4518,7.2070,8.3368,30.9723,0.3186,0.7759,1.3453,2.5813,1.4730,1
62.5457,16.6133,137.5066,201.2943,6.3792,4.0196,11.0521,0.3214,0.7819,2.0984,2.2077,1.9393,1
30.8917,33.7101,122.2497,68.5777,7.9898,6.1309,17.5845,0.5844,0.5203,0.2728,0.8520,0.1914,0
47.9318,16.5873,100.7832,181.1658,7.5557,3.9269,8.4963,0.8723,0.0732,2.2524,0.0488,0.3169,0
51.4359,28.8329,136.9589,154.3077,0.5857,5.9438,30.6863,0.2562,0.1857,3.2734,2.3507,0.6886,0
38.1074,29.5328,118.5596,160.7624,1.7167,5.5534,26.8654,0.1624,0.2075,2.7214,1.2836,1.5618,0
52.4076,18.6106,115.1862,126.5684,1.9202,5.6676,13.2765,0.9492,0.4302,3.1428,2.8621,1.1052,0
52.4446,21.7950,151.4266,198.5168,5.3377,2.6727,15.8697,0.6157,0.4732,1.1315,2.8647,1.6628,1
49.4531,15.5712,124.0524,114.6832,2.7020,6.2880,10.3150,0.2658,0.5437,2.5679,1.5135,2.5018,0
45.9466,22.3139,142.6995,147.1577,0.4936,7.3914,15.7007,0.6581,0.8077,0.6212,0.1777,1.6928,0
24.3810,34.8136,96.7915,202.0047,5.2117,6.2158,16.9523,0.3365,0.2792,3.6558,1.7110,1.3865,0
47.9543,21.9589,109.2625,100.9824,2.1976,9.7897,17.7448,0.9207,0.9388,1.8240,1.9176,0.6448,0
38.9674,31.2710,142.9538,70.5785,7.5316,4.6366,23.2483,0.7159,0.1699,0.7133,0.1080,2.2998,0
84.3955,41.4736,103.8955,79.4984,6.6182,2.5840,9.8820,0.0143,0.0089,3.6207,2.5131,1.0371,0
53.4319,17.1830,129.4074,166.7459,4.1957,6.2696,28.6305,0.1543,0.5889,3.4902,2.1151,0.3260,1
59.1006,36.6438,99.9852,66.9821,0.5311,5.9038,8.7073,0.9948,0.7667,1.7058,0.2915,2.2993,0
54.3082,39.0304,160.7580,187.1717,1.9032,10.5043,21.5695,0.2529,0.1080,3.3124,2.8538,2.3565,1
53.5304,16.8860,111.6307,91.8186,1.1758,8.2743,17.5551,0.2194,0.4751,3.7904,1.5958,2.7392,0
69.1060,16.7381,161.2737,106.0884,0.8000,3.3339,22.0086,0.2396,0.3306,2.5442,1.2524,1.6115,0
33.6778,27.2954,98.9226,102.9906,3.7576,6.3904,27.9667,0.1710,0.3478,2.6831,0.5742,0.8538,0
62.9090,16.2894,131.4015,152.3204,4.4414,8.5444,21.1851,0.0478,0.4594,1.4942,0.0929,2.7216,0
84.3343,17.6205,160.4845,182.4619,3.8919,3.6349,28.8169,0.5501,0.7688,3.1150,0.4503,0.5375,1
30.3109,30.6549,97.4534,195.4800,8.3226,6.0246,15.2876,0.3221,0.1457,0.9571,1.0494,1.8900,0
25.3595,31.3968,107.5399,112.5652,5.5081,7.1226,8.5290,0.5600,0.2522,2.8686,0.9722,2.8037,0
58.3165,17.9132,128.4672,164.5547,5.1358,1.5194,18.4967,0.4615,0.8537,1.6694,2.4448,2.7661,1
75.2025,30.4047,163.3079,112.6233,1.5710,5.5534,27.1503,0.5250,0.8094,1.1327,0.9512,0.7542,1
62.4828,29.1720,114.2062,84.6895,6.5273,2.0394,18.5009,0.6402,0.5998,2.6445,1.4998,2.5448,1
50.2912,36.5163,160.6425,139.6236,4.5810,6.4195,9.2397,0.1104,0.2940,1.0502,1.6201,0.5503,0
63.6222,38.5171,156.7492,179.6095,3.2932,6.3718,16.0461,0.4059,0.3122,3.1426,0.8940,0.3081,1
25.5304,35.7239,161.6203,176.4776,4.1248,2.8836,30.2252,0.2354,0.8357,1.4393,0.7074,2.5742,1
68.4838,25.9344,165.1229,93.1291,6.8440,8.1584,13.1903,0.9170,0.7299,2.1532,1.8017,1.7880,1
73.4289,34.0706,102.2088,75.4256,6.9255,5.6839,29.1421,0.1089,0.5811,0.8603,1.3883,2.2473,1
37.7386,21.4903,163.0997,169.2018,1.9684,9.7313,11.2134,0.0050,0.2906,0.7534,1.1622,1.5386,0
45.8205,27.4889,135.3044,113.4872,3.6577,11.5532,22.0798,0.5087,0.0811,1.5819,2.7700,1.0475,1
67.3115,36.6463,100.4991,138.3258,0.9767,8.2498,25.1533,0.9968,0.8082,1.8881,2.4905,1.6914,1
34.1689,20.2074,97.5425,86.2082,1.0007,9.3261,9.6219,0.4208,0.6326,2.3947,1.5920,0.0647,0
38.5447,19.1063,146.5582,182.3658,5.6980,12.0492,15.8912,0.9921,0.6600,2.1674,2.1738,1.2106,1
42.4451,38.7087,125.6573,78.6012,0.5176,1.8459,16.4368,0.4279,0.3746,1.9046,0.5911,2.6849,0
64.0507,32.5729,144.0443,90.9074,5.2338,6.9954,19.1968,0.3299,0.3927,3.0187,1.6395,0.0493,0
59.4912,27.6960,134.0770,182.0288,7.7181,2.4829,20.8129,0.9011,0.3943,1.8617,0.9925,0.4588,1
24.7029,22.3692,128.2767,71.9294,6.0152,10.6745,14.1556,0.5454,0.0338,0.0390,2.9276,0.6432,0
62.7872,22.2277,161.3688,69.8458,5.0530,9.9898,30.4885,0.8637,0.7603,1.0242,2.3393,2.5539,1
71.3249,26.2875,110.7872,101.9481,6.4196,2.7671,29.1683,0.6530,0.5112,1.5573,1.2826,0.7971,1
49.3400,30.7355,113.6421,101.8380,5.3143,4.6950,31.8537,0.4662,0.9622,0.6136,0.1942,0.9165,0
45.1107,25.9818,125.4751,130.0819,4.4212,4.8338,27.8150,0.3692,0.9419,3.1803,1.1151,2.2204,1
60.2840,27.3165,101.6385,189.7488,5.4410,7.8481,30.5336,0.3995,0.4016,2.1356,1.9272,1.8596,1
37.8373,27.7157,129.4254,94.0848,6.6562,9.5098,27.5231,0.0464,0.8480,3.0062,0.2285,2.2415,1
66.1029,32.7934,141.4433,79.0172,5.3446,11.7935,24.3645,0.9312,0.6608,3.5586,0.9517,1.2348,1
32.0997,30.7860,119.3416,198.5424,2.8827,3.8697,21.1989,0.9924,0.3722,0.6104,1.7436,2.8047,0
54.0526,22.9838,129.5031,209.3311,4.4041,2.7559,24.8587,0.4601,0.3304,0.8280,2.3833,1.1638,0
43.8199,36.7099,143.7892,92.8316,7.9144,3.9825,10.6709,0.4280,0.1083,2.2497,0.5951,1.8227,0
43.1007,36.8158,115.8011,121.0063,4.8660,2.2533,26.5883,0.0317,0.3091,0.0964,2.5485,1.7418,0
48.9673,39.9428,157.2286,67.6563,2.7537,3.9164,18.5637,0.6505,0.1336,1.1042,2.6406,1.2546,0
67.8147,39.3658,157.9308,173.9420,5.4398,9.3736,23.5027,0.8496,0.9258,3.5373,1.0063,1.2683,1
64.5920,39.4464,109.3693,154.6759,8.4051,10.0637,12.8675,0.5140,0.7221,0.6188,2.0393,0.0038,1
68.0694,40.8590,134.8360,71.6388,0.8046,10.6492,25.4622,0.9796,0.7667,3.8989,1.7812,2.2446,1
42.6254,40.6644,99.1301,207.3661,2.1530,5.6384,12.5465,0.2634,0.5747,1.3720,2.7294,0.5393,0
76.4305,38.3262,147.6275,120.6136,6.5371,2.2694,31.1357,0.7194,0.3444,1.4170,2.9398,0.5864,1
81.2260,33.8630,160.3896,200.7373,2.7494,11.5082,18.4819,0.1783,0.8921,2.3918,1.6809,1.6630,1
65.0973,37.0678,110.4610,200.3553,3.9975,1.8520,28.9799,0.1721,0.1291,1.8645,0.1041,2.2152,1
42.0165,26.3546,144.1044,135.3051,3.6119,6.2633,31.4275,0.4239,0.2226,0.8920,0.4363,2.1698,0
72.3960,17.5216,109.6358,179.2502,4.4557,5.4318,23.6381,0.7560,0.3914,2.5478,0.9927,1.6479,1
44.2128,23.1610,102.7588,103.0160,7.7900,7.2984,8.1747,0.6135,0.8737,0.1378,0.8077,0.2216,0
60.3069,34.0027,139.8032,91.2799,6.9365,1.9850,18.1114,0.0417,0.2075,3.3615,0.7200,0.3536,0
82.6407,36.3711,140.7833,123.6789,8.4801,10.5043,21.1184,0.0337,0.5781,3.5907,2.0951,2.7615,1
43.7116,28.1866,141.9601,199.1015,8.1984,7.1072,13.9438,0.5966,0.1563,4.0064,0.4217,0.4072,1
65.9776,33.6037,138.0548,160.6338,8.3735,3.8343,15.4123,0.0178,0.5674,0.0919,1.6525,0.0390,1
36.6334,16.6506,103.7859,149.8160,5.3806,4.0487,19.2429,0.3823,0.1442,2.9892,2.7427,0.7435,0
24.8381,24.8871,105.8610,113.1010,6.7116,1.2745,19.8152,0.2854,0.6265,1.1356,2.0651,2.1882,0
25.4572,23.3715,165.8882,157.6303,8.0281,2.8266,19.4538,0.9108,0.2174,0.6564,0.7738,0.3587,0
65.0468,36.4787,119.4990,118.4260,5.2990,2.5175,28.5574,0.4203,0.3977,3.4496,0.0490,1.5673,0
33.1965,25.4718,143.9355,207.8814,0.6188,9.5082,26.7689,0.4083,0.0760,0.0753,0.6925,0.5916,0
60.4833,29.7962,134.6220,113.8324,1.9834,8.0491,13.3671,0.5363,0.8865,1.4226,0.8634,1.8321,1
62.8352,26.2620,124.9296,75.7466,4.2112,3.6768,18.6378,0.9812,0.4682,1.7951,1.6374,1.8882,0
28.7527,38.3861,120.5271,200.2006,3.9560,4.8975,21.5014,0.8069,0.0599,2.7361,1.3981,2.1568,0
27.7890,23.2643,114.6700,75.6336,6.9414,8.1604,13.6280,0.1895,0.0793,1.4137,0.5781,0.5014,0
61.7266,35.3462,110.9743,149.7546,7.0047,4.7266,20.1448,0.1643,0.7521,2.5650,2.9097,2.2749,1
80.9617,29.6180,132.7607,177.9423,1.4704,7.9881,21.0645,0.0932,0.5787,2.4797,2.7816,2.3781,1
42.1755,26.6491,113.4514,177.0468,4.9042,7.4156,12.1351,0.6837,0.8360,1.7020,0.9241,0.0411,0
60.5417,38.5384,108.7132,116.8506,7.3387,3.9417,16.0798,0.0185,0.7311,1.9024,0.5865,0.9098,0
24.0203,31.5351,105.1720,142.6982,7.6710,6.0381,30.0505,0.2440,0.4074,1.0876,2.2598,2.3789,1
66.5061,27.4721,149.4031,121.9161,6.4852,1.7431,21.7439,0.8322,0.0950,1.3483,1.5713,0.5209,0
64.1418,18.2602,161.9266,193.7689,3.8829,2.1858,20.5548,0.6801,0.7553,0.1482,0.7605,1.5184,1
27.0725,36.2988,143.6233,73.1262,3.8151,4.7734,20.9578,0.1918,0.6514,3.2550,0.1826,2.7530,0
45.5328,39.7424,120.5761,172.5091,7.5294,3.1319,30.1028,0.6557,0.7392,3.4370,0.2484,2.0800,1
41.2955,24.8910,149.5708,116.1453,8.0270,5.2719,11.3733,0.9052,0.6612,3.6076,0.9376,2.2623,1
80.6223,18.0186,147.3494,111.4587,6.2820,12.0667,28.8258,0.6267,0.5978,3.2604,0.0222,2.0664,1
68.7596,32.3801,100.3356,139.6595,0.5612,2.5139,28.8283,0.6964,0.0169,1.5801,0.5185,0.0252,0
59.1788,19.1923,121.1674,103.3209,4.4548,10.1622,27.4520,0.6445,0.6336,1.6477,1.9161,0.3602,1
52.2884,27.2677,126.5767,144.9229,1.0895,8.8016,31.3947,0.7644,0.7658,1.3195,2.7735,1.0826,1
39.2985,37.8746,158.2317,97.8270,5.9919,4.0487,17.8566,0.4635,0.0239,0.3738,2.0372,0.9009,0
49.2498,29.0407,132.4024,137.4650,6.0806,10.6333,25.7481,0.8661,0.2455,1.4371,0.5279,0.4584,1
56.8682,27.2395,102.2811,159.7832,1.9948,8.6859,20.1561,0.3279,0.2773,3.0806,1.7200,1.2015,0
32.8917,40.5613,139.0369,86.7713,2.6529,3.8026,29.3951,0.0524,0.1618,0.3566,1.6002,0.5036,0
55.5000,20.6945,100.7837,139.6590,1.4982,9.5333,19.5496,0.8728,0.5373,0.1855,2.6233,2.6666,0
61.0224,28.4278,128.2195,91.7314,3.9311,10.4794,11.6282,0.7142,0.6521,1.7689,1.9379,2.2089,1
47.3021,36.6062,136.9708,170.0668,1.8267,2.8761,16.6835,0.7149,0.2581,2.7762,1.0749,2.8444,0
54.8948,27.5797,134.0634,169.3875,3.0800,5.2881,8.8477,0.6733,0.6480,2.3396,1.7952,2.1871,0
40.8546,21.3958,153.2654,121.2729,7.0119,11.7282,18.2269,0.4567,0.6363,0.5805,1.2649,1.9649,1
44.4090,40.1543,144.2543,119.7316,0.9371,5.0283,12.9561,0.5410,0.1549,0.1197,2.0200,1.6304,0
26.7895,16.8646,157.2980,214.2655,4.6405,10.9215,31.7231,0.6466,0.4042,2.8840,2.6289,1.4374,1
58.8854,19.6022,105.6143,201.0994,2.8433,7.9177,15.2706,0.7751,0.1456,1.3617,2.4856,0.3177,0
26.9549,28.8223,123.0013,187.6731,3.0400,7.9384,12.4663,0.6991,0.0306,0.1638,2.8607,2.3345,0
26.8798,33.5828,108.1733,173.2442,1.6385,5.6580,18.4840,0.8100,0.6430,2.4600,1.2643,1.6558,0
62.2510,38.9868,134.6037,88.1336,7.0922,9.9799,9.2854,0.0873,0.3265,1.5117,0.4032,1.5185,0
80.7225,26.0068,154.9042,72.4629,1.1741,11.8220,27.3222,0.2185,0.5864,1.2210,2.9582,1.4193,1
82.4530,27.3229,128.0361,163.4989,7.3200,2.8897,24.4193,0.1644,0.4493,0.8757,0.1252,2.5211,1
83.1069,23.4705,151.3122,206.7167,8.0647,11.4947,10.5932,0.7548,0.1591,3.5011,0.9254,1.7300,1
60.9697,34.7563,109.6595,194.1947,2.4467,6.6199,28.7939,0.3540,0.2356,3.9664,2.6839,0.7620,1
70.9685,21.8915,103.0157,105.6070,4.5146,1.2496,25.2967,0.6793,0.2888,1.5733,1.0923,2.7154,0
70.5580,36.4648,158.3538,104.8618,3.2492,9.2300,16.9781,0.6240,0.2172,0.8198,2.3502,2.5649,1
82.2461,31.0081,104.1150,169.2578,1.1249,1.3113,31.6072,0.0600,0.9988,3.2425,1.3047,0.2796,0
83.5529,35.7542,138.9372,187.3131,5.7607,8.1299,16.9895,0.9114,0.5824,3.3134,0.6731,2.0747,1
50.1292,32.5158,156.3263,114.3936,0.4822,9.0783,12.5351,0.9044,0.5708,3.2551,2.4835,0.0255,0
27.0900,39.9679,117.4214,147.1623,5.3675,4.5513,9.2525,0.6382,0.7691,3.0233,0.7001,2.4632,0
64.0964,41.6030,116.1517,165.8469,6.6090,8.4632,18.3524,0.2705,0.8329,3.5337,1.8083,2.5448,1
82.8564,23.3003,160.4663,172.7873,2.1138,9.2407,10.8282,0.4714,0.7807,2.0407,2.7241,2.0835,1
53.8307,39.0995,132.3561,107.9598,7.9333,2.8769,31.8633,0.1984,0.5131,1.5457,1.5378,2.8162,1
63.5384,29.4045,118.1233,123.9228,2.8103,4.6189,10.5060,0.9279,0.3986,0.9130,1.0831,1.0433,0
72.5071,39.3942,126.7863,157.5031,7.2636,7.4097,15.0963,0.7527,0.9603,3.7840,1.4609,1.8587,1
75.0631,23.1518,144.2990,99.7614,7.4852,7.2248,13.3026,0.6999,0.1093,0.4187,1.0347,2.0142,0
43.6351,30.5734,140.4784,88.2630,5.0970,6.0625,13.4130,0.6970,0.6105,3.0278,2.3066,1.7492,0
74.3457,36.4865,118.7369,182.3423,2.9619,2.0138,13.4702,0.7175,0.0877,3.0216,2.0439,2.8796,1
55.2572,33.2764,101.1875,144.2997,0.7281,5.8221,19.9296,0.9812,0.5199,1.0992,2.7904,3.0129,1
79.4820,20.8916,159.0799,148.9304,1.7443,1.1634,15.5417,0.7922,0.8050,2.4296,0.9280,1.3811,0
46.1417,41.2178,159.7284,92.8702,1.9979,5.8695,21.3179,0.9645,0.7932,3.2799,2.1780,1.5955,1
39.0738,23.7140,131.1419,175.8992,6.5717,7.8768,9.4603,0.7519,0.0130,1.1482,0.3069,1.5025,0
25.3024,25.7785,122.6896,169.0132,2.8050,5.4703,21.4973,0.8253,0.8266,3.0942,0.0789,2.6144,1
64.9276,28.1646,125.6834,156.3237,1.1946,12.0242,16.7284,0.3222,0.6442,3.1797,0.0113,2.1851,0
61.8463,20.4936,96.7002,69.9671,4.5059,10.7238,18.3583,0.5965,0.6314,2.2416,2.1743,0.8949,0
66.3275,28.0539,162.8345,102.9015,8.4569,7.0921,17.9268,0.9614,0.2856,3.3966,2.1937,2.1590,1
69.3644,39.2802,104.5324,99.8826,4.9138,7.3893,15.8512,0.7068,0.9492,1.8675,0.9815,2.7507,1
37.9299,18.3714,165.8852,134.0546,7.7808,5.2872,14.9184,0.8618,0.1065,2.8140,0.9753,1.1834,0
61.9882,30.7105,158.8472,98.5818,8.4882,11.2228,10.5957,0.9770,0.7288,1.3044,2.2371,2.1298,1
79.8244,19.0626,115.0110,146.1979,4.9853,6.4246,18.8376,0.5315,0.4658,3.2754,0.9443,2.5093,1
84.9312,17.5727,165.2047,67.3389,7.1349,9.5721,19.0000,0.6594,0.4485,1.2753,0.2372,2.6104,1
45.5725,26.3939,103.4745,71.6398,5.0394,9.3616,32.0040,0.7690,0.2500,0.0998,2.3740,1.1881,0
83.1977,35.4169,116.2700,105.8918,4.9722,2.6508,14.4656,0.5948,0.9265,2.0068,2.4137,2.4685,1
36.7877,26.1330,143.4080,83.1788,1.8636,2.2923,29.2157,0.0954,0.6935,2.5673,2.7693,0.0134,0
44.5897,35.5603,117.6491,73.9612,7.0026,3.3483,22.8545,0.6499,0.3812,0.9645,0.8853,2.2645,1
77.1336,25.0173,121.2325,169.2793,8.1491,6.7372,14.2019,0.4363,0.1415,0.3012,0.9853,2.1522,1
53.1508,38.1785,99.7395,186.3194,0.6248,5.4550,18.9012,0.1726,0.3725,2.3014,1.1243,2.6780,0
45.0446,21.9812,111.4249,108.8245,6.1848,5.5735,13.4802,0.4082,0.3434,3.4852,1.5547,2.0969,0
23.0439,23.9598,121.8584,128.6087,0.7640,11.6466,31.4148,0.6807,0.9590,0.5732,2.5891,0.6099,1
75.0987,41.2165,126.2556,158.3686,5.4734,5.5400,10.3946,0.5850,0.0856,1.5199,1.4125,0.9598,1
49.5566,28.7367,112.6736,80.1031,2.8182,11.1079,14.7936,0.5107,0.2209,1.6476,1.9814,1.0310,0
53.5172,39.4229,142.1620,179.6878,6.3114,3.4223,26.3169,0.0692,0.2846,3.7185,1.9608,1.5589,1
31.6887,34.1620,141.8021,170.2592,8.4970,8.2127,21.1157,0.9438,0.1775,2.4565,2.8417,1.5007,1
26.5800,31.3034,153.2334,126.0419,1.0516,10.8671,16.5205,0.5344,0.8613,1.4897,1.4292,2.0101,1
74.5583,18.1374,133.0170,146.3323,7.2478,7.4154,24.3926,0.2356,0.0285,2.4821,1.4236,1.5843,1
35.4927,22.5249,145.5784,104.9687,7.3041,9.8041,30.9746,0.3038,0.1928,2.3098,2.5519,0.9540,1
41.3036,23.1612,103.6490,173.2995,4.1330,11.0028,9.9263,0.7187,0.5657,0.7297,1.5349,0.0227,0
63.0837,30.8127,137.0123,188.8408,3.1980,6.3817,25.5891,0.9597,0.2835,2.7147,2.8556,1.1173,1
57.4683,37.5447,114.3400,155.0528,8.2688,7.7715,29.6587,0.2951,0.7985,0.0570,2.4744,0.4686,1
74.4655,31.2405,112.7129,113.2635,5.8716,10.8757,29.1343,0.2303,0.6477,0.3354,0.2346,0.5773,1
43.9134,16.1224,148.1965,96.1471,5.5324,6.9562,15.5212,0.4268,0.9916,1.5976,1.1166,0.8569,0
56.7226,22.8394,149.8001,192.3998,2.4528,11.6716,16.4299,0.9241,0.7970,3.3478,1.6333,2.8184,1
39.9153,26.9860,148.4467,150.4956,6.4703,9.1768,25.1406,0.3504,0.6885,1.1672,2.4039,1.7015,1
70.3039,35.1220,131.4404,140.5593,4.8451,4.6315,32.0477,0.4446,0.0710,0.2004,0.9379,3.0142,1
57.8935,38.5588,107.7961,142.5617,0.4896,8.3913,31.1472,0.7520,0.3951,2.9897,0.6636,2.7924,1
58.4201,36.1346,100.6176,71.1125,3.9924,10.3818,12.7062,0.8709,0.7921,0.9938,1.7527,1.1502,1
41.4387,23.9858,101.7167,155.7272,2.0492,9.3612,25.6393,0.2465,0.2207,1.2613,1.5952,0.3419,0
29.3895,15.4541,161.8312,148.0830,1.0188,4.9695,26.7497,0.1519,0.7770,1.6178,0.6543,0.7793,0
31.9088,29.7028,131.7459,152.7899,6.7117,6.6794,11.2622,0.0097,0.8045,3.6572,0.2011,0.6544,0
49.7562,29.7950,151.3826,156.6145,6.5248,4.2588,25.8362,0.3025,0.9373,2.8362,2.5619,2.3751,1
63.6219,36.0033,144.2370,93.7614,4.9835,7.8544,29.2652,0.1064,0.3532,3.5718,0.6346,2.6304,1
29.8586,37.9855,152.5175,146.7951,1.0459,11.6117,24.5994,0.2969,0.9463,1.0072,1.7416,0.8469,1
67.0939,33.1719,162.8451,177.7112,6.3844,5.6904,13.7033,0.1292,0.4688,0.4151,2.2679,2.9738,1
84.0035,16.7294,122.0629,126.3694,4.3480,6.9575,20.6472,0.7047,0.2402,0.0369,2.5992,2.1795,1
33.3868,29.8131,108.2275,173.7201,5.7504,4.9773,9.1077,0.9941,0.4725,1.9369,0.5318,2.7801,1
52.5115,28.8171,123.8655,173.4411,2.9025,10.0471,21.2046,0.1830,0.2210,0.2550,2.6453,2.7439,1
61.4136,30.6168,103.4325,96.3420,6.6137,5.2040,18.7365,0.6998,0.8847,0.3685,0.6018,2.5561,1
70.0552,37.7638,135.2168,127.9273,7.7492,7.2361,11.4136,0.4805,0.4218,2.6050,0.2920,0.7651,1
32.2232,33.6276,108.4282,81.6343,5.8919,7.7958,22.5091,0.5758,0.4621,2.4090,2.3288,0.9624,0
54.1318,31.8393,126.3842,91.4684,2.9799,11.8302,24.5511,0.2035,0.3890,0.3949,2.7787,0.5023,0
23.1452,34.4128,121.4991,189.1515,8.4075,10.3500,21.7196,0.1486,0.1933,1.3207,0.1739,0.4350,0
36.0541,31.5420,140.2079,173.3530,3.8896,10.1682,14.2013,0.8693,0.9041,1.7552,2.5553,0.7733,1
41.6211,20.6676,112.4392,123.6972,2.0358,6.4419,29.5229,0.6911,0.6576,0.8385,0.1043,3.0166,0
68.6483,29.9142,117.4782,136.7925,5.9747,4.2450,15.6577,0.3254,0.3368,3.4605,0.7010,2.5747,1
33.4651,25.8603,119.1174,165.1549,5.9425,11.8129,9.3155,0.8850,0.2617,2.6418,1.2753,2.6621,1
80.7756,27.5087,105.9567,147.6251,1.7547,7.2662,22.7638,0.2831,0.1840,0.7399,0.0859,1.2590,0
35.3609,23.5894,117.4464,202.3746,3.1298,6.9408,29.9712,0.8229,0.2028,2.8368,0.6385,0.2564,0
59.7090,16.1475,115.6476,135.8146,3.0149,1.9122,21.3162,0.1147,0.4570,0.3946,2.7662,1.6850,0
58.7905,19.1309,162.9827,80.6817,4.2717,3.3907,17.9415,0.3001,0.3932,1.4736,0.0550,1.5940,0
28.0112,33.1343,98.6929,133.3546,7.0928,3.6077,20.8304,0.2146,0.7975,1.7208,1.3562,0.7042,0
73.4036,39.2582,159.3462,151.8548,2.1023,3.1329,19.6246,0.6943,0.3400,1.7439,1.7486,1.4605,1
50.8865,29.6658,135.5243,114.5639,1.7983,7.6029,30.0010,0.2888,0.6856,3.6926,2.4998,1.7940,1
66.6944,32.4057,99.9908,189.5523,8.0032,5.8207,30.5586,0.6833,0.4693,1.2691,1.9240,0.9736,1
39.2288,33.8246,143.1522,197.0249,5.0421,5.7579,23.8050,0.3041,0.2805,2.4173,1.6788,2.7722,1
40.7598,18.6075,108.9257,135.0985,2.3598,6.7573,29.8500,0.7527,0.1574,1.3910,1.3909,2.0950,0
82.7933,31.2077,109.1251,87.6716,2.4540,4.3567,8.2723,0.1537,0.6134,3.0472,1.5662,0.5306,0
63.9282,39.2277,116.3463,107.6970,3.3811,4.9625,28.9057,0.3198,0.8832,2.8946,1.2000,0.5483,1
51.4474,29.9817,105.2763,106.8326,7.6605,6.1443,19.4028,0.8832,0.6446,1.2157,0.6816,1.3781,1
65.7663,16.7955,152.5015,166.8065,1.3794,5.7021,24.1317,0.7225,0.3231,1.9494,0.1321,1.2148,0
68.0412,15.6188,128.5427,172.6087,0.9647,6.7441,15.1345,0.9348,0.5192,2.4088,2.9484,1.3111,0
32.7315,30.1555,100.3840,198.8730,6.6410,6.0109,30.0238,0.3446,0.8761,0.8287,2.2571,0.9793,1
38.7702,35.3970,159.6954,204.0577,2.4402,12.1545,14.4132,0.6792,0.6974,0.7618,1.8681,0.3661,1
25.7797,25.0905,97.9984,184.5751,6.6478,11.2494,9.3312,0.1126,0.6810,2.9652,1.4167,2.1644,0
45.9203,32.9063,143.4532,141.3252,3.2679,2.8020,30.3297,0.5382,0.4046,0.7039,0.6680,0.9720,0
50.0163,32.5757,113.3100,72.0957,7.1767,2.5865,25.0572,0.8815,0.2995,3.2158,2.3246,1.6489,1
80.1855,16.7015,96.0973,103.5677,0.8309,2.9662,21.2717,0.2723,0.1403,2.9182,0.7681,2.5721,0
27.8903,23.7791,110.4174,100.7059,6.2170,5.2249,27.8617,0.1423,0.9969,2.4177,2.7646,1.6080,1
32.4402,38.8231,101.3060,102.4137,4.1205,7.0644,27.5445,0.2287,0.2150,1.9905,0.6458,0.5164,0
44.3701,40.0832,101.5423,96.6919,3.4617,8.5659,14.6155,0.2790,0.4210,1.7947,0.7857,2.9260,0
82.8068,39.3092,119.0182,214.8265,2.7805,10.1944,21.7222,0.1140,0.7594,2.1616,2.0958,1.2398,1
33.0139,30.8283,130.2971,98.6926,7.5714,11.3113,18.1042,0.0361,0.5551,1.3841,2.7773,2.2527,1
31.5761,25.0753,121.7579,178.7710,6.5163,8.8162,23.8106,0.2038,0.6305,2.0256,2.8734,1.8284,1
36.1959,20.3414,124.0503,102.5381,3.1170,7.5166,15.3854,0.7269,0.2928,0.6087,1.4759,2.3774,0
30.6180,33.1315,137.4555,147.3693,8.3413,1.2443,9.2406,0.4693,0.0209,1.9870,1.0569,0.2039,0
60.2917,23.9920,141.6736,68.8449,6.5268,8.3733,15.1257,0.3824,0.8625,2.2149,0.6930,0.7980,1
72.1012,39.4398,164.9824,114.0711,3.7998,4.4073,24.4123,0.9464,0.4574,1.8780,0.3587,0.3476,1
27.7369,21.5775,137.8994,203.5794,7.6963,6.9207,27.9073,0.3203,0.3122,1.5680,1.1557,0.1012,0
75.5928,22.3575,136.9433,186.9640,4.5372,4.2648,26.0889,0.3123,0.1668,4.0166,2.5462,2.9024,1
40.6499,41.4797,143.6372,116.1237,3.5956,6.1306,11.9189,0.2122,0.2617,1.9652,1.7137,2.7482,0
39.4191,34.6029,124.4502,163.5077,4.0632,6.4578,21.5814,0.9029,0.8206,1.8892,1.0786,2.5826,1
50.7697,21.8371,149.5037,170.2581,3.0437,8.5441,28.5417,0.4168,0.9203,1.3555,2.8925,0.3282,1
25.5980,40.0809,97.5773,175.1400,7.4206,2.2711,17.7865,0.4799,0.7778,1.5997,2.6467,1.0276,1
29.6079,17.2890,156.6176,105.1493,5.7154,6.8858,27.1121,0.8845,0.9540,0.4488,1.3862,0.6998,1
72.9775,25.5190,152.6105,195.1522,7.5527,5.8215,12.0229,0.1534,0.8252,0.0289,2.1549,0.8695,1
56.3934,27.4206,104.1759,204.6220,3.4558,8.9551,9.4117,0.7544,0.5492,2.4126,2.9730,3.0349,1
82.1256,25.3305,164.9994,160.1909,5.2737,8.6496,28.3270,0.1822,0.4200,1.3611,1.0569,0.1167,1
59.5066,37.0942,124.8929,97.4159,2.8117,3.6283,21.0227,0.3530,0.9033,0.5709,1.6351,0.5812,0
41.3304,30.3502,162.2978,97.6494,8.0357,7.0314,11.8280,0.1411,0.3432,3.2609,2.8048,1.9037,1
55.6916,41.3981,108.7969,167.1935,8.1971,2.2215,32.2641,0.9270,0.5769,0.2888,2.9892,1.6519,1
69.6093,27.1714,99.9964,202.0911,1.5401,4.5544,9.7979,0.4631,0.0558,3.4593,0.3768,1.1645,0
26.1547,24.0494,159.9397,70.9789,3.3916,1.5329,15.9425,0.0604,0.3498,1.4420,0.0961,0.8804,0
46.5869,21.5075,98.3030,180.9120,1.1311,1.6607,26.4099,0.0345,0.6751,0.2434,2.3977,0.8663,0
82.3994,29.6871,114.9815,108.1220,3.1565,7.6748,15.4448,0.6844,0.4686,0.4712,0.3140,0.6535,0
51.1966,19.8956,119.6478,192.4500,7.9773,5.7928,10.8144,0.3703,0.0307,0.7773,0.6288,2.5758,0
34.6233,40.4201,123.4876,86.9483,6.8676,7.7108,11.2828,0.1056,0.0212,2.5725,2.6581,2.8407,0
59.8289,36.4367,145.8315,142.3597,1.7764,6.3899,22.6545,0.3191,0.3810,3.9354,1.7719,0.9210,1
53.4448,31.7435,108.5294,160.2224,6.7770,7.5018,15.8642,0.6497,0.3712,1.1367,1.9508,2.5029,1
53.6993,27.5395,102.8701,83.9008,7.5863,10.4194,11.3694,0.8177,0.8195,2.7260,1.9044,2.9887,1
49.1523,20.6767,112.0822,156.7217,1.9905,3.4403,22.1307,0.0247,0.5656,0.9308,0.3534,1.5824,0
29.7469,35.8689,160.3276,86.7129,7.6888,6.9892,9.3853,0.8121,0.3400,3.0422,2.0247,2.3171,1
66.1779,22.2834,153.4934,136.8490,6.7628,6.4775,27.5969,0.8811,0.2918,0.7348,1.4141,1.7729,1
56.8445,37.9453,112.6429,185.1547,3.3617,2.5118,20.2147,0.3380,0.6259,3.9595,1.9617,2.3892,1
49.2834,35.4071,116.6725,126.0204,2.7611,3.5015,9.8086,0.2395,0.0599,0.8106,2.4308,2.8434,0
68.0430,29.3468,151.0131,109.4012,1.7411,11.0321,31.9052,0.0463,0.2859,1.8506,2.0125,0.5522,1
65.0652,17.9416,127.5417,68.3669,5.4172,8.5899,10.4755,0.2446,0.4673,0.2805,0.3558,2.6150,0
52.7913,40.7941,111.7857,145.7719,5.0949,12.0255,8.6509,0.3273,0.3699,0.2115,0.8580,2.8669,0
84.8833,26.8947,141.0583,198.6560,4.8731,4.1837,14.1956,0.8780,0.9892,1.4409,1.4659,2.3883,1
68.3554,24.6457,117.9609,126.8088,1.2642,6.8566,10.3108,0.7373,0.9335,0.3403,2.6690,2.0956,0
63.3373,27.7385,148.0806,146.2047,2.2184,9.6404,21.6532,0.6509,0.4192,3.7157,1.6786,0.2402,1
30.3959,22.8246,122.7460,102.6692,2.2600,9.2627,24.0568,0.2091,0.4720,0.3752,2.8209,0.9417,0
81.6417,16.2012,164.6946,92.7280,1.3130,4.1007,8.9367,0.3581,0.2179,3.4472,1.7416,2.7249,0
25.0048,35.4261,107.6766,194.9269,4.2610,1.2051,14.0836,0.1202,0.5413,1.7735,2.2270,1.3883,0
41.0047,33.7334,98.7366,80.9228,7.1951,4.4577,8.8056,0.2625,0.7236,1.5669,2.1382,0.9483,0
31.7630,17.7410,138.9739,122.5858,0.6466,2.0120,30.9449,0.0294,0.2707,3.2818,0.9344,0.7339,0
34.1406,19.3457,157.2242,184.0162,0.7939,1.4737,11.6120,0.0331,0.5197,3.0861,2.0244,1.7922,0
53.5815,22.5753,137.2327,142.9488,6.0336,8.6488,28.2897,0.7068,0.6540,2.2359,1.9421,1.6022,1
69.0243,37.6297,136.5633,120.4242,3.4564,2.0925,14.4796,0.5632,0.4288,0.4148,1.8608,1.7610,0
70.8879,19.6922,155.4172,112.6739,6.2742,3.3541,22.6267,0.8678,0.8499,1.8677,1.8541,1.7731,1
67.9134,30.5448,148.3748,115.3743,1.9705,11.8182,23.3174,0.1499,0.2388,3.8964,2.1428,0.5981,1
74.2129,36.7327,154.0784,188.1814,1.5640,8.6292,15.7401,0.9041,1.0068,2.9488,2.0421,2.9209,1
61.7069,39.3928,110.0540,168.7914,5.2303,6.0350,22.7353,0.0007,0.1056,2.0388,0.9091,1.7746,0
70.9542,27.1024,165.7434,90.3844,6.2608,3.6115,14.6727,0.3828,0.7741,0.7625,2.3722,0.3865,1
70.1285,27.8030,142.8426,109.2658,1.0196,3.8146,21.0102,0.9399,0.1220,1.0660,2.6120,2.9865,0
64.7884,22.8290,155.5643,169.3265,2.6331,6.1289,19.8471,0.5266,0.0051,1.7633,2.7572,1.7438,1
68.6201,41.4728,154.6141,138.5371,1.4446,8.8033,20.6619,0.4591,0.4670,2.8769,0.0975,2.7119,1
30.5932,20.8797,132.9975,173.3017,5.0197,3.0567,12.3557,0.5990,0.4098,1.3227,2.5069,1.9088,0
66.7061,35.8362,152.8794,180.5610,4.2482,11.6911,9.8022,0.9696,0.9955,3.2057,2.5434,0.1008,1
50.0323,23.2760,132.4914,139.1652,8.1184,4.3374,14.0321,0.3573,0.5394,2.4670,2.4982,0.0338,0
38.1430,25.1973,106.2009,103.3685,2.0757,2.7703,17.9580,0.7591,0.4723,1.8063,2.8567,0.3066,0
64.8137,40.0414,125.4245,136.0693,8.3636,1.2897,8.9303,0.4605,0.8180,0.2877,1.9285,0.5078,0
75.5372,31.0827,153.4698,176.0079,7.7506,3.1972,13.1601,0.4357,0.0884,2.0624,2.2837,1.9970,1
70.8304,29.8303,96.1392,84.9199,0.5279,5.2879,8.6545,0.2495,0.4912,1.4879,0.1582,0.0875,0
84.4082,22.4961,131.1057,199.5817,2.8559,11.7246,24.7829,0.1559,0.7496,3.0110,1.3894,1.4000,1
72.9802,28.6446,114.9749,114.7896,5.3172,7.2117,17.6150,0.9933,0.7928,2.7283,1.3053,2.6604,1
32.5854,26.9570,153.2649,186.5929,1.2186,6.1650,11.5751,0.3519,0.8518,3.0394,1.1146,2.4142,0
78.6111,21.4067,152.1881,106.5344,1.2722,10.0498,23.9772,0.5643,0.8031,2.0166,1.5384,1.6400,1
76.8031,36.3896,124.8175,126.4410,4.8973,5.1015,27.2701,0.3174,0.8825,0.0714,0.3906,2.0841,1
45.3501,41.4975,107.5794,95.4263,1.0010,11.9926,11.4917,0.2275,0.2683,2.3398,0.4790,1.0275,0
52.1846,18.4703,121.0301,203.0560,1.3273,2.5621,32.1257,0.3173,0.2489,1.7590,2.2563,1.3079,0
80.1548,34.9032,102.9139,99.1872,2.8304,9.1085,28.2260,0.6386,0.2461,0.3845,1.6036,0.8810,0
45.9872,15.7255,166.7899,122.7922,7.2601,6.8986,19.7422,0.0452,0.5811,3.9798,1.2679,0.6970,1
74.6362,29.6133,155.6176,180.3099,7.3522,7.8169,14.0510,0.0210,0.4500,0.1627,1.7875,0.9793,1
63.4635,39.0306,165.3090,141.2201,5.8623,4.5505,23.6610,0.9182,0.8336,3.5729,1.9651,2.4390,1
65.0157,27.4479,154.9272,197.0107,0.6339,6.4016,30.3317,0.8219,0.7203,0.0799,2.8418,1.1517,1
55.0680,36.0398,159.6137,139.3332,1.6690,1.6458,14.8162,0.0984,0.8651,3.6654,1.2721,2.2836,0
74.3174,27.5964,100.9140,98.8437,2.4499,3.1023,27.0932,0.4969,0.6205,1.9019,0.1107,0.3771,0
53.2933,28.3327,120.6011,207.2226,6.5993,9.0239,12.3159,0.9379,0.1967,2.4372,1.4894,1.0945,1
48.4437,40.1610,108.3883,151.4903,4.6568,5.4591,29.5221,0.1136,0.6723,1.4383,1.0666,2.3611,1
53.4018,31.2037,144.1335,135.3268,3.4433,10.8745,8.4959,0.5470,0.8528,1.8085,0.4803,2.1708,1
40.2186,18.5987,156.1769,122.2506,5.0766,10.1421,18.5069,0.2213,0.8745,1.0964,2.1091,0.8697,1
56.3258,34.0370,121.1163,81.0217,8.1093,5.4726,24.7910,0.8802,0.7466,0.3189,1.5349,1.5937,1
29.2109,39.0895,162.5017,116.7695,5.6979,1.2159,25.0724,0.5860,0.3550,1.0176,0.3319,2.0004,0
78.7648,35.8349,114.8168,171.9830,1.5636,11.4465,12.9378,0.1322,0.4291,2.5934,1.2800,2.9096,1
23.8226,37.2555,156.5229,121.1580,0.9268,7.4486,10.7420,0.0376,0.3793,0.9926,2.2108,2.3702,0
26.9736,19.6608,99.5226,172.8808,3.9205,6.1797,30.1411,0.3997,0.9818,1.4788,2.2851,2.8035,1
26.0814,30.1317,125.1506,137.3033,2.2153,4.7168,31.7837,0.8781,0.7601,2.3726,2.3652,1.4020,1
42.1699,17.5277,100.2899,201.0464,2.5088,10.3924,29.2373,0.8055,0.2458,3.5981,2.1866,0.8138,1
52.4266,24.4135,126.5257,150.9898,6.9828,10.0931,9.5132,0.9035,0.1630,0.7111,1.8710,0.1897,0
41.5042,24.5486,103.3456,105.6132,4.6541,8.8695,8.9030,0.6058,0.9946,3.8223,1.5921,0.4247,0
48.0022,34.4139,132.4599,181.7843,3.4672,1.4443,11.6934,0.0773,0.9767,2.8252,0.6067,1.3613,0
40.8472,22.9905,164.6115,186.6649,3.2591,9.8449,29.5556,0.4706,0.4476,3.1772,0.6292,2.8662,1
29.5069,30.0338,149.4356,129.0367,3.1336,8.4256,19.5575,0.1907,0.9733,4.0030,1.9078,1.2577,1
48.6812,35.7324,131.7137,192.3784,1.9920,7.5301,21.5633,0.1856,0.7984,1.3940,0.1294,0.8207,0
45.6898,26.6233,164.9842,159.2299,2.7265,7.0455,27.1071,0.2749,0.2471,0.0761,0.4765,0.9849,0
71.4352,23.2170,104.5598,206.6340,0.4325,9.7246,23.8420,0.0059,0.9620,1.9620,0.2216,2.7289,1
36.6622,16.8887,147.4475,155.8139,0.5952,5.4464,25.4915,0.5869,0.6930,3.8182,0.7259,0.7575,0
56.2174,20.3304,107.1814,111.5474,6.3625,7.1669,30.5475,0.5401,0.9289,0.6606,0.0205,0.8185,1
25.1518,18.0211,154.6740,101.3216,2.0642,4.4611,29.2837,0.3836,0.9059,2.4060,0.9770,2.0475,0
30.9143,33.3134,132.7780,173.7818,6.8897,10.9895,9.0537,0.6426,0.5984,2.4111,0.0616,0.4459,1
40.2830,38.4997,143.2773,69.1115,7.1524,8.4588,10.1347,0.9485,0.1252,1.7886,0.6364,1.2855,0
67.0987,35.6365,150.0826,87.6057,5.2361,1.2059,10.2887,0.7652,0.6438,3.3734,0.0471,1.7857,0
73.9296,28.9970,119.3846,84.7576,6.3868,9.2686,13.1641,0.9868,0.5095,2.5213,2.7987,0.9951,1
57.1240,37.6855,106.9233,164.3721,1.0798,4.9797,9.8064,0.3690,0.0533,2.7286,0.4283,0.8913,0
63.2227,25.4001,124.9386,180.2358,4.6196,4.1192,30.8178,0.2112,0.8835,0.3301,1.6891,2.9951,1
83.7847,27.4765,115.9559,108.6706,2.1886,1.1045,8.6615,0.5010,0.8392,2.0468,1.8701,0.3007,0
50.3765,24.0626,104.3118,163.9897,5.7941,5.4368,18.4528,0.0850,0.0901,2.9337,1.5985,1.4755,0
55.2026,41.0304,116.8409,100.1304,1.8176,4.7365,14.4491,0.1736,0.0278,3.7941,0.0689,0.8942,0
48.5256,41.2033,107.2368,76.4420,3.6923,8.2919,21.3449,0.5094,0.0935,3.8958,2.0026,0.8999,0
75.3658,21.6015,145.8031,84.8878,6.0502,5.6207,27.4704,0.6134,0.1751,1.7099,0.5020,1.5979,1
79.1602,16.4090,100.1229,87.6220,1.6645,4.3104,30.3846,0.3536,0.1591,3.5907,1.9432,1.7093,0
58.5629,18.4449,146.4820,154.6384,8.1863,10.8675,29.1083,0.3366,0.8255,3.8641,2.5962,2.2154,1
82.8454,19.0452,101.5001,191.0890,1.7526,9.0034,16.1512,0.3708,0.9797,3.6403,0.6498,2.1903,1
60.4391,32.8639,151.5691,118.9507,7.0650,1.4752,9.1755,0.2402,0.1916,3.2978,2.9292,2.3181,0
51.5076,41.3957,146.6441,119.3067,4.2419,2.1849,30.6867,0.9567,0.0501,1.3478,0.6368,2.1930,1
64.0705,35.1587,113.8299,125.0254,2.8406,10.2360,26.1906,0.0331,0.0427,2.1609,0.1631,0.2650,0
23.4347,27.8565,122.4979,98.1871,2.3158,1.0751,10.1204,0.0795,0.0542,2.5085,0.3961,1.0024,0
65.2006,25.3321,135.5274,97.0153,4.3948,8.9606,20.0576,0.9098,0.8597,1.3937,1.4529,0.9604,1
58.7436,22.1415,109.2917,142.6644,8.1958,9.9853,24.2280,0.9500,0.9998,2.7384,0.8054,2.3339,1
77.9431,19.3642,101.3153,94.4453,5.0474,9.6690,29.0631,0.1478,0.0785,2.2952,2.7205,2.5486,0
76.7985,19.2079,162.3512,103.2545,7.5129,4.7164,19.2864,0.0603,0.6346,3.0380,0.6345,1.1383,1
55.7981,18.6608,99.5596,108.7217,5.1563,5.8898,10.1216,0.9251,0.5282,0.4038,2.5133,2.5271,0
48.0535,16.0621,133.7827,159.6812,2.8007,2.3910,13.8870,0.4014,0.3457,1.6516,1.2866,1.9105,0
50.0019,33.6855,96.3736,93.3935,1.6750,6.4728,18.9863,0.9617,0.5436,0.7723,1.9223,0.2843,0
38.8383,35.7336,150.5644,70.1874,1.7577,2.3037,16.2657,0.5885,0.2984,3.5991,0.7488,0.4388,0
66.8970,20.5250,109.7479,89.5967,6.2383,1.4762,13.6611,0.1189,0.3991,0.9772,2.5397,0.1052,0
80.4298,40.3870,137.2851,155.1454,6.5375,5.6938,8.9638,0.3568,0.1078,1.6516,0.2671,1.1592,1
76.1728,21.0532,143.9133,148.1089,7.5304,10.4577,28.7412,0.5187,0.8341,0.4273,2.6213,1.6727,1
40.2942,16.4107,121.4728,113.2706,0.7918,7.5643,18.3687,0.0045,0.5040,2.9605,1.5964,0.3519,0
34.0950,30.7892,119.7590,81.2953,6.6688,6.1593,28.1076,0.9797,0.5882,3.9378,1.3339,1.7115,1
25.3032,29.7563,100.4611,95.4649,4.0515,8.0837,26.9653,0.2714,0.9132,0.2844,0.2284,2.2137,0
27.5447,28.6920,141.6293,86.9689,2.8130,5.9127,16.7383,0.8631,0.7853,4.0424,1.8255,2.3838,1
22.9809,25.3095,141.3818,67.2186,2.6359,5.9879,19.4067,0.3554,0.6680,0.3625,0.9629,2.3510,0
34.0435,24.2171,131.9087,152.6300,3.7173,7.5697,17.0065,0.4837,0.2971,3.6922,1.5620,0.5747,0
23.0584,40.0283,136.1997,126.8812,2.2156,8.0795,11.1069,0.4815,0.8967,3.7011,1.2639,2.1127,1
33.9880,24.1974,141.4928,107.6264,5.3831,12.0249,11.9955,0.9352,0.6226,0.7337,0.7609,1.8184,0
78.7280,18.5380,154.3405,183.5746,0.8562,8.5687,9.9614,0.2097,0.8443,3.3404,2.8652,1.0745,1
42.2993,24.2651,139.8572,159.1054,5.9908,8.1121,21.9045,0.7851,0.2251,2.7704,1.0862,1.7837,0
51.0425,16.8381,124.7925,187.3746,3.2001,10.7399,31.2575,0.3954,0.0671,2.9113,0.8237,2.0968,1
49.9634,26.3732,95.5678,129.6648,1.7374,10.6107,23.4648,0.5811,0.6940,1.0805,2.6196,0.0894,1
83.4093,24.1722,103.1166,68.3981,2.4864,1.0731,30.7951,0.9395,0.2085,2.3829,0.6556,0.0860,0
37.1906,39.8426,163.0501,178.0710,0.7421,11.9079,17.8483,0.0370,0.9376,2.1828,1.1822,2.8964,1
71.4689,36.9099,98.5366,126.4768,6.6348,12.0495,14.9295,0.5013,0.7908,0.3304,0.5821,2.6662,1
68.5977,35.8256,144.2600,112.6216,3.8858,4.6758,12.2777,0.4763,0.4573,0.4531,1.7495,1.6369,0
59.7801,18.1448,108.0524,208.3552,4.9072,5.9425,31.4419,0.2070,0.3909,2.6607,2.9617,2.3704,1
26.1879,31.1147,147.0853,119.0252,8.3455,5.0843,17.3087,0.0282,0.9779,3.9358,1.0702,1.3977,1
55.1390,27.0780,146.7633,107.8237,2.3665,2.4155,25.4223,0.4962,0.1619,3.4937,2.7732,2.9635,0
75.6720,25.7123,164.7866,85.9852,2.9374,3.1418,22.0408,0.9137,0.5227,2.1334,0.2827,0.0971,0
65.1839,33.3422,108.8532,78.9941,5.0552,1.4766,29.9034,0.3949,0.9695,0.9929,1.7485,1.8230,1
46.1447,33.2949,151.9322,152.3463,2.0873,10.7931,13.0853,0.6954,0.2608,0.9536,0.4177,2.8660,0
59.2673,35.2448,145.8356,186.7551,3.0828,6.9714,21.1031,0.3438,0.6706,2.5877,2.8757,0.5222,1
33.3694,25.5710,129.0655,118.5447,6.8606,9.6234,11.8408,0.7069,0.5170,3.4127,1.9043,2.1062,1
75.3515,26.4398,159.6874,149.5223,1.9123,3.7018,20.5657,0.3780,0.4624,3.7066,2.3688,1.6993,1
79.5406,30.4320,148.5222,131.2783,0.5323,2.2093,28.7805,0.8256,0.5012,2.2081,1.4912,0.8703,1
31.3643,40.5047,157.7893,205.3509,4.6083,6.8449,31.8630,0.6326,0.8341,1.8578,0.9983,2.5651,1
84.5049,16.2686,150.1919,171.5663,5.7374,3.9793,18.5263,0.7094,0.6469,2.7580,2.3092,2.2954,1
39.3373,37.9750,116.6751,202.9663,2.4895,4.1428,20.8031,0.4374,0.3737,3.8730,2.5949,2.8263,1
48.5667,34.0557,101.8954,116.4019,5.9720,5.3464,22.2771,0.9948,0.9668,2.3404,0.8563,1.3114,1
46.3952,24.4969,136.2089,145.8604,7.2746,5.0250,27.7957,0.6734,0.3164,0.2641,1.6107,2.2202,1
77.7704,23.2977,119.4731,131.2812,1.5242,4.1120,14.9780,0.7234,0.0525,3.7502,0.1630,2.8273,0
30.8916,26.9607,108.4691,144.6368,7.7481,8.1890,12.8431,0.7389,0.8795,1.3767,0.8879,1.6643,1
57.7589,36.4858,165.3825,81.2847,4.3271,1.5976,13.9781,0.8854,0.7876,3.1221,0.2351,2.4397,1
71.7229,16.4665,109.6269,73.6769,8.0065,3.6327,11.5295,0.3547,0.7952,2.7551,1.1089,1.1055,0
55.6695,36.8633,123.6115,109.6368,1.2330,6.7736,25.3679,0.7738,0.7498,0.7278,1.5942,1.5160,1
76.2438,37.6025,150.4061,130.2217,6.2075,7.3559,22.1182,0.5510,0.7999,3.4696,1.1664,0.8748,1
81.1411,41.0797,140.8221,209.2570,1.2921,1.8780,14.6406,0.2496,0.7917,1.0703,2.8045,1.1955,1
71.9958,25.7468,118.4166,127.9085,5.2453,8.6153,27.2040,0.7313,0.6303,1.6008,0.6691,2.8131,1
44.3929,30.7991,105.2101,97.8867,1.9681,10.6566,20.6157,0.8035,0.1008,2.1007,1.9805,0.6009,0
66.5867,25.1740,111.2147,197.7014,7.4848,4.2459,12.6533,0.0469,0.5680,3.6279,2.7388,1.1827,1
47.0577,35.4055,101.5066,149.3271,1.5023,10.9168,30.5290,0.1983,0.7900,2.2003,2.7944,2.4425,1
27.9144,20.1548,102.0518,193.2133,0.5396,10.1224,16.3053,0.0637,0.0602,1.3298,1.0226,0.3744,0
53.9256,37.5191,155.2957,193.7926,4.1984,1.8466,9.3425,0.2811,0.2781,3.6207,1.0298,1.2715,0
53.3813,38.3967,131.6489,149.2504,3.6252,6.9378,22.5815,0.4284,0.8931,1.5288,0.2331,2.3604,1
42.6511,33.4447,106.6684,179.3887,3.9279,5.1503,13.8281,0.4721,0.0657,1.4034,0.3557,2.9162,0
80.6245,16.5050,154.5345,75.0449,5.2804,11.8524,24.8822,0.9091,0.5257,0.3229,0.8820,1.7003,1
82.2355,33.8051,108.3924,194.9555,3.5929,6.2470,12.0855,0.4276,0.4981,2.7884,1.8955,1.5947,1
82.1650,37.9820,148.3784,167.3810,5.3393,3.8508,20.5832,0.7439,0.1784,0.3639,1.1155,2.0449,1
29.0405,16.0991,132.0877,172.7816,6.7405,4.3760,12.7444,0.5987,0.0304,1.2161,2.2674,1.6338,0
63.0328,23.7826,160.0997,72.3419,3.2342,11.6053,27.5123,0.9476,0.0779,1.9085,0.4999,0.3761,1
79.6517,26.2073,126.3545,87.4724,7.4147,4.2519,15.8433,0.5772,0.7378,2.4073,2.4888,2.8113,1
32.3971,37.2429,149.2085,136.4595,6.1295,4.8598,31.2140,0.9452,0.0992,0.3295,2.1773,2.6776,1
44.1515,37.5853,126.2296,158.9178,2.6571,3.8906,22.3662,0.4131,0.7567,0.7415,0.2176,2.9253,0
60.2658,22.8198,98.2453,82.2378,5.4363,6.6112,16.4370,0.9697,1.0047,2.4952,0.5489,0.8003,1
49.3172,20.3228,121.6766,108.7097,2.7947,6.5821,23.1873,0.5089,0.5303,1.2845,0.2896,0.5422,0
75.8313,33.5587,158.6114,160.7867,1.0407,10.5183,11.8676,0.6495,0.9614,2.0169,2.9048,0.0157,1
58.5851,20.4284,105.2684,84.9549,3.1285,11.8163,23.3787,0.7439,0.4508,1.7187,1.4663,2.2078,0
68.7446,29.7024,114.1124,103.7306,3.4901,8.9668,15.7377,0.9182,0.7379,3.5281,2.4933,2.4303,1
34.5889,19.2733,127.7725,131.3715,6.4319,10.8110,23.8727,0.1982,0.3596,0.2448,2.7894,1.1056,0
27.1991,28.4479,152.1610,199.5614,2.8853,10.8792,16.7863,0.2542,0.1452,1.3245,1.2617,2.9031,0
81.9472,15.7257,105.7779,155.2528,5.1994,7.4281,16.2870,0.7170,0.7573,2.5386,0.6021,2.0206,1
52.2749,30.4259,154.4105,198.3239,4.3285,1.1087,26.8242,0.7713,0.2672,2.8089,1.7556,1.1058,1
73.2733,30.7305,127.5754,164.6588,8.3975,12.0896,28.5560,0.8720,0.5824,3.1004,2.5062,0.1881,1
72.5607,27.3695,120.2963,79.2564,0.8883,1.6531,19.0047,0.1925,0.2875,0.2047,1.8541,3.0023,0
30.3955,35.1201,144.9008,117.7306,8.2832,10.9084,22.4354,0.9963,0.7148,3.7284,2.4629,0.6785,1
26.8479,29.0289,134.5382,204.1459,7.1804,6.8376,8.6050,0.0350,0.2523,2.6246,0.2421,1.2813,0
54.5752,40.9618,130.5912,203.7628,5.7000,5.7187,11.8538,0.8045,0.1492,0.8009,1.9676,1.3306,1
70.4693,36.6787,98.5142,182.6618,3.3997,4.4381,12.6885,0.2867,0.8785,0.7960,1.0004,2.1009,0
84.1116,23.1641,154.4708,139.3376,4.9170,9.1574,10.8458,0.0685,0.8632,3.9819,2.6457,2.3723,1
70.6287,21.1204,135.0176,143.2564,1.4343,10.1516,10.2864,0.3834,0.9734,3.6957,2.6122,1.8254,1
68.9865,15.5844,98.7942,87.7068,2.5474,1.9659,22.0361,0.0829,0.7699,0.3538,2.0236,1.2686,0
48.4207,24.9531,165.0422,166.0225,7.4266,3.7674,32.0312,0.6165,0.0212,3.1548,0.4753,1.2916,1
70.3846,39.3243,152.9565,193.8869,7.9054,8.1368,8.2904,0.3968,0.6154,0.7657,0.6790,2.4487,1
63.0551,40.5535,161.7560,138.4217,0.8716,6.9363,14.5588,0.0314,0.8863,3.7850,0.8089,0.6163,0
58.6537,24.7402,150.3920,164.6314,4.2171,8.6832,19.0407,0.6517,0.2063,1.5999,0.5248,1.3265,0
78.0410,35.7195,128.3771,179.9410,5.4797,9.4079,20.7702,0.2030,0.5260,2.4528,0.8094,0.4399,1
38.9288,30.8008,134.1978,85.7301,5.7877,10.0694,29.5086,0.2467,0.8302,3.9925,0.4060,0.9622,1
23.9147,20.3090,155.1417,119.7364,0.5589,7.0816,22.3655,0.2330,0.8573,1.1028,1.4639,1.6064,0
52.3065,25.4244,139.0012,116.3292,4.7246,6.5841,12.8944,0.8651,0.4767,2.1178,0.7876,1.8368,1
35.7992,20.9718,159.2641,155.2770,0.7296,11.6139,22.3157,0.9515,0.9821,3.1186,0.7470,0.5501,1
41.3457,27.6484,129.4416,131.4290,3.7569,2.8900,25.7607,0.6958,0.7511,0.2737,0.9234,1.5411,0
51.5426,28.8901,135.1681,152.2042,3.8563,2.9395,23.9513,0.0783,0.5343,2.9593,0.3742,0.3618,0
23.1835,29.1382,105.8124,138.5472,7.8927,8.2206,23.3275,0.5468,0.9607,3.9482,2.3560,0.8252,1
81.0155,25.1691,113.3406,156.5217,5.9581,10.4833,27.5383,0.8710,0.7801,2.3801,0.3481,2.7242,1
53.5271,17.1665,125.0523,141.1958,6.2321,8.9243,21.8023,0.4003,0.4264,0.6489,2.5550,2.0791,1
69.5012,39.8755,151.9934,201.9903,4.7263,10.4034,13.9841,0.7824,0.2117,2.0395,2.7938,2.1953,1
45.0260,34.3856,119.2494,122.3046,5.0431,1.5733,10.6999,0.1123,0.0224,3.6796,2.5221,1.0272,0
35.8718,20.1777,158.0995,202.7892,5.6380,8.3609,19.7048,0.5033,0.8807,3.9034,0.4518,1.1768,1
57.4557,26.2377,115.2532,67.8053,4.7916,2.8599,30.7861,0.7819,0.6381,0.3794,2.6604,2.0209,1
25.5387,21.8746,141.2343,200.8041,0.5145,2.4085,23.1022,0.4217,0.6702,1.0776,0.3866,2.7527,0
36.0598,23.7717,115.5886,181.4018,3.2853,4.3204,19.5530,0.9541,0.6689,2.7848,0.9197,1.5356,0
49.2502,17.6206,127.9924,115.5297,3.3273,11.8078,20.6715,0.1892,0.4255,1.8857,0.9805,0.6184,0
72.0546,23.7294,148.3139,104.7817,2.7575,7.9278,30.8977,0.7680,0.0342,1.6743,2.4476,1.7373,1
32.7233,35.5298,101.1009,145.0662,6.4044,1.4060,27.3313,0.9891,0.0406,1.9373,1.9008,2.7704,1
74.4719,20.3085,153.9524,81.0430,3.5371,8.2694,18.0973,0.3377,0.7660,2.9623,0.9908,1.7021,1
62.8027,25.7603,118.6169,190.1609,1.9999,4.0166,27.0987,0.0444,0.8830,0.0735,2.0676,0.3912,0
67.5668,32.6747,131.3204,163.1954,3.7162,6.7604,10.4086,0.4848,0.8492,1.8915,1.2207,0.5751,1
56.7211,31.2721,107.2440,118.1387,8.3699,10.0669,15.4076,0.9842,0.3186,1.0356,1.0917,1.6814,1
34.5153,20.6083,106.2451,73.9312,4.2777,11.4789,19.5172,0.9783,0.5915,0.5870,1.5910,2.9624,0
42.0761,16.0011,136.0272,97.0557,5.9103,8.1613,19.3974,0.6371,0.1369,1.6260,1.2148,0.3117,0
25.5495,30.6673,135.4543,134.3284,6.9252,10.7109,29.7928,0.0264,0.8168,0.6629,2.0382,2.2233,1
74.2663,21.1435,124.4078,111.5613,8.4095,3.6576,29.1564,0.6807,0.3368,3.2425,1.6168,0.2537,1
54.2143,20.6204,156.5552,136.4924,7.5392,4.4272,19.1405,0.0102,0.5052,1.5842,1.1687,1.1296,0
48.1508,22.2568,134.9889,158.5572,5.8224,6.6002,25.3626,0.5250,0.3746,1.6724,0.5430,0.1474,1
58.9098,34.3629,122.3645,98.5238,7.4543,2.5627,17.3841,0.9327,0.6272,1.9397,0.1598,2.7539,1
53.2809,27.1092,103.4630,195.9696,3.3425,10.5873,22.0176,0.7914,0.4433,0.7872,1.0846,2.7063,1
68.8084,17.4916,129.4652,84.8999,3.0386,7.9629,22.9386,0.9611,0.7363,2.9679,0.9266,0.6589,1
53.2309,25.8514,114.5061,148.4665,1.2793,11.2353,23.9961,0.4106,0.8462,2.8210,2.8346,1.7006,1
67.5993,18.0318,115.4435,152.6934,5.6911,8.5166,28.8458,0.7703,0.5134,1.1294,1.7280,1.0082,1
36.1035,22.9774,128.1478,159.2761,7.7516,1.9759,22.2272,0.8735,0.5509,0.2596,2.1995,1.7197,1
78.6865,34.7299,162.3576,203.5285,3.6096,1.2347,15.5275,0.8709,0.0947,3.1434,1.9511,2.6296,1
42.1253,41.2935,140.9108,193.5160,7.9440,9.5150,28.9004,0.9785,0.3600,1.6979,1.5125,0.9106,1
48.7142,35.4876,153.3862,86.2201,4.4984,5.2202,31.0341,0.5249,0.6535,1.7563,1.8670,0.7658,1
61.9326,22.5448,149.7396,130.9833,2.8011,8.8553,22.2485,0.4208,0.3918,0.5215,2.8263,0.8183,0
39.2540,35.4266,122.1321,108.7221,2.6940,1.3263,20.9228,0.7680,0.1042,0.3006,0.1842,2.6497,0
26.3046,35.4178,105.9571,116.9837,0.8721,4.6509,30.1480,0.4330,0.7977,2.9009,2.4133,0.1447,0
57.0075,37.9627,139.0830,149.0065,1.0672,10.3574,27.7265,0.3718,0.3571,0.5523,0.7196,2.4303,1
75.5813,23.7930,156.0266,135.1801,4.2883,6.9440,22.4551,0.3689,0.4275,3.0415,2.0454,1.4685,1
72.3554,20.5891,153.9552,200.4812,5.3332,7.9219,20.2894,0.2757,0.3916,3.3560,1.0869,0.7585,1
52.2281,29.6497,108.3501,117.5155,4.3503,4.6672,27.3969,0.5843,0.5548,1.2414,2.6552,2.3710,1
27.3243,18.1604,133.2213,68.0574,4.3157,9.0351,11.3747,0.1572,0.5153,0.7622,0.3598,1.3353,0
50.9416,18.8968,100.5541,184.9653,6.3962,5.4233,22.2858,0.9245,0.3244,1.9763,2.3804,2.8916,1
25.8449,24.7734,97.0903,81.1645,5.3986,1.3617,21.3072,0.4865,0.9847,3.1312,1.7813,1.6001,0
38.2760,24.4408,161.3644,137.9024,6.9807,8.6607,24.4351,0.2106,0.3319,2.9855,1.8693,1.5881,1
41.9820,33.9152,118.5586,171.3702,6.0558,12.1033,31.6904,0.4743,0.2799,3.8437,0.9373,0.6326,1
77.0175,22.5756,147.9972,72.6360,4.3299,5.9854,26.3046,0.8214,0.0127,3.8890,2.2066,2.8041,1
67.4844,39.3407,164.6035,80.9763,0.9911,7.4346,27.9102,0.1248,0.4262,2.8802,1.9355,1.9029,1
83.8849,26.1225,107.9791,70.1755,5.9646,11.4246,21.9289,0.8473,0.4206,3.5730,0.7441,0.4853,1
78.5793,34.8476,125.6330,123.9594,2.5404,11.2487,26.4277,0.0531,0.9492,2.7107,1.0013,0.3269,1
51.2138,33.0002,103.2075,167.2890,8.3873,8.0233,23.2590,0.0988,0.9319,3.4770,1.5297,0.2787,1
59.4627,26.6400,157.9729,212.5367,4.3779,6.7959,18.1574,0.9646,0.2715,3.8485,2.2034,0.4469,1
61.1687,27.3523,151.0465,112.7189,6.8264,6.8832,16.4934,0.2277,0.4707,2.3215,2.7643,0.7700,1
81.7040,21.7648,106.7621,141.9174,5.1082,5.1987,12.0934,0.4680,0.1048,0.9029,2.8177,1.5247,0
57.2532,33.8281,101.8465,159.0493,5.6952,9.7549,11.9089,0.4493,0.2232,0.6717,0.0377,0.8093,0
71.8255,31.4189,157.5956,98.4709,5.6858,3.3838,29.4628,0.0121,0.2475,3.3578,2.5486,2.8249,1
86.1736,24.4407,124.0860,115.2303,3.6174,2.5163,14.0745,0.3447,0.6895,1.4168,0.1871,1.4979,0
74.2024,16.8374,153.9209,93.8819,7.7208,4.9485,15.7026,0.8797,0.4455,0.9089,1.9755,2.2387,1
24.8806,38.2357,133.3090,159.6510,2.8347,10.4210,24.9266,0.2315,0.3993,0.9568,2.8995,1.6254,1
82.0454,20.0043,160.4841,92.3872,6.2701,3.4890,29.4138,0.1946,0.6117,0.5843,1.9017,2.0695,1
54.5081,21.2303,116.3708,167.1448,5.0825,3.8648,31.6855,0.3466,0.9398,0.2638,1.8654,0.2101,1
78.4244,21.8084,116.5733,67.6008,7.5193,2.9246,10.7394,0.5717,0.0807,3.0450,2.3414,1.7172,0
78.2750,28.6672,146.1351,150.2465,6.0108,7.1709,21.2468,0.0813,0.8809,1.9770,0.7419,1.4909,1
62.8355,28.1098,124.1819,110.5887,6.2581,3.1613,12.1080,0.3463,0.9034,2.9221,2.4615,2.8978,1
66.3785,23.3652,133.3653,194.2978,4.3772,9.5784,25.2602,0.8625,0.6781,3.5174,1.8328,0.8145,1
81.5923,23.3872,118.9648,136.7973,3.3155,2.8879,27.0192,0.3951,0.2739,3.0328,2.1965,2.8450,1
58.8218,24.4479,117.5178,183.0776,1.5253,4.5752,10.6947,0.4177,0.8210,2.0278,0.0167,2.1397,0
74.4549,33.0012,123.2233,178.0797,4.3636,3.8115,19.3574,0.4559,0.3782,1.3926,0.7487,0.5903,0
37.2825,31.8441,97.7472,133.9293,5.6720,8.5578,15.7583,0.3944,0.4759,0.1264,0.3579,2.4229,0
79.5585,39.3072,144.0294,156.5366,5.6173,7.9029,25.5338,0.1509,0.2565,1.3255,0.8330,1.3348,1
56.1907,38.6670,137.9561,131.2033,4.8748,1.5697,21.1435,0.2313,0.7196,1.8915,2.6290,0.6873,1
42.5421,32.7675,139.0586,87.6922,6.0066,6.1640,30.2646,0.4877,0.3386,2.6048,0.9410,2.9018,1
82.5249,16.4867,101.0942,103.5742,5.3179,11.9932,15.2457,0.9163,0.5302,0.6427,2.3990,2.7979,1
30.4951,20.6298,121.3444,160.3791,3.8785,4.2232,9.6269,0.7172,0.3896,3.7873,2.7328,2.1906,0
68.8716,26.3391,119.0001,81.6264,3.5845,6.0169,28.6036,0.6534,0.2875,0.1901,0.1833,1.2445,0
37.9214,25.4224,118.7200,100.6654,1.5502,3.6566,29.9880,0.0020,0.6666,1.5871,0.5857,1.9730,0
84.8875,23.9715,159.2227,72.7760,3.3649,9.8634,17.2509,0.0152,0.8945,1.3081,1.2140,1.0647,1
34.7579,24.0780,120.0550,188.1689,1.4233,3.6209,31.0527,0.8195,0.1746,2.4139,1.2967,1.7278,0
67.5185,40.2953,145.5951,133.9657,5.2433,5.3203,22.7647,0.2856,0.2810,1.5497,2.0347,0.0839,1
32.0482,37.4995,111.0849,180.5086,5.1077,7.0278,23.2537,0.5446,0.6943,2.7449,2.7064,0.5532,1
48.1116,22.3307,123.0464,107.4891,4.4379,8.2114,30.7380,0.1163,0.6510,0.4254,2.8995,0.6570,0
38.3863,17.5485,126.4720,207.6254,1.7103,3.1389,26.9102,0.6408,0.9480,2.0227,1.6902,0.7135,0
25.9842,25.5620,120.8572,195.2859,8.5692,6.0970,17.4490,0.2427,0.9210,3.0619,2.1372,2.9944,1
46.5525,39.1392,165.4604,144.9740,1.6285,9.1483,27.3787,0.5610,0.1928,1.0770,1.4144,2.0902,1
81.3967,19.0663,127.1822,103.6333,7.4225,11.2673,20.5127,0.5184,0.3957,2.6919,2.5536,0.4583,1
75.3132,34.2850,133.4669,147.0713,7.9876,6.5155,12.9456,0.3968,0.0984,1.1714,0.7916,1.7634,0
72.2718,17.7067,118.5650,154.4454,1.4043,9.1965,30.7060,0.3891,0.0665,1.7919,2.6489,2.0927,0
71.2990,17.3759,164.0754,121.3989,1.4222,9.3593,8.9586,0.6107,0.8086,1.9610,2.7366,2.3577,1
82.4946,26.6657,115.4865,112.9045,0.7935,6.0566,12.0059,0.1581,0.2689,3.6842,0.1538,2.5652,0
65.2859,24.0108,160.0062,137.1544,4.7676,3.3518,15.1032,0.8597,0.6402,1.5362,1.5440,1.4111,1
25.5412,39.7246,130.9514,148.4591,7.9511,6.2168,23.2402,0.7436,0.3217,0.3175,1.8269,1.3131,1
26.6755,39.8159,102.1291,211.3728,5.5846,5.5997,29.0021,0.7124,0.3774,3.7250,2.7297,2.2119,1
28.4316,35.0713,127.5440,203.7075,0.5429,9.4574,16.4048,0.4929,0.7408,1.2469,1.4938,1.2963,0
38.7591,28.1838,161.9901,161.4432,6.7996,11.6133,29.9370,0.8690,0.7996,0.5393,2.7063,1.0775,1
49.8614,37.7887,150.7908,74.7114,6.5658,9.5682,28.8347,0.7761,0.6229,1.6942,0.9414,0.0341,1
54.1524,30.5756,105.4683,131.3958,8.2352,5.6505,14.9686,0.8181,0.6406,1.7055,0.6363,2.5139,1
72.3813,28.8889,154.4723,211.5872,1.5123,4.3040,27.8355,0.0435,0.4223,0.5165,1.0631,1.9629,1
57.8822,31.1524,114.6895,183.2652,7.2350,4.4967,17.0062,0.6305,0.1799,2.4176,0.6920,0.6425,0
80.8093,35.2237,103.2297,89.4657,7.5462,9.3104,8.3579,0.9755,0.6473,3.2625,2.2307,1.7332,1
57.1703,29.9923,101.6752,135.8612,7.9729,3.9404,23.3391,0.5662,0.2798,0.5679,2.2876,1.9079,1
33.4214,39.6487,152.4097,168.8402,3.7967,11.0292,18.8062,0.9876,0.1354,1.1852,2.5485,2.3334,1
49.3168,22.0181,125.2439,154.7880,4.2509,7.0700,31.2302,0.7079,0.5142,3.6755,1.8182,0.6811,1
79.8417,23.4923,136.9661,80.5328,3.9861,6.0466,16.5796,0.0148,0.8660,1.0120,2.5612,1.8838,0
24.3332,28.9019,107.6819,144.5443,0.8909,11.2354,27.9395,0.9233,0.7193,1.8348,2.6559,1.3656,1
47.6671,15.5863,126.1551,111.4926,2.8772,1.1594,18.8425,0.4730,0.4132,3.0848,0.5420,0.7852,0
59.6910,23.7721,124.2021,149.6560,4.2607,5.5554,9.7339,0.1721,0.0120,2.0650,0.2611,1.6940,0
66.0848,30.6677,126.6265,67.5259,7.1617,11.0381,11.7040,0.0203,0.2394,1.3935,1.8366,2.7097,1
38.3316,25.3627,133.5181,157.7183,3.9759,3.1791,23.0560,0.4603,0.5932,0.7036,1.2844,1.3514,0
24.9179,17.1630,119.3184,193.8757,5.0261,2.7900,18.1491,0.2706,0.5184,2.7253,0.2462,1.9204,0
84.4969,19.8748,106.0690,80.9131,4.2825,1.5483,12.9087,0.6211,0.9269,3.6639,1.5223,0.4991,0
46.4654,27.7324,133.5876,121.8878,5.3176,6.6996,23.7750,0.4269,0.8943,2.6352,1.4006,0.2763,1
80.9176,31.3521,133.9661,207.3005,4.5634,8.4984,25.8614,0.4973,0.8755,3.1066,0.4663,2.4892,1
57.8378,37.4346,155.0786,122.1450,0.5582,6.2548,18.2960,0.9786,0.8351,2.6991,1.6930,1.3851,1
72.9200,29.0888,97.4646,94.3220,5.4376,1.3920,19.6984,0.8708,0.7040,2.4289,2.3338,1.2436,1
32.4621,34.3377,127.9215,207.3384,8.0052,5.7697,16.6122,0.1457,0.8221,2.9198,2.8360,0.1810,1
27.2815,41.8362,97.8772,117.4499,3.4354,8.0365,13.9812,0.3063,0.8860,0.5322,1.4308,1.8967,0
76.0360,24.0320,121.5616,204.7120,3.3635,1.9129,25.9656,0.1055,0.2257,1.0085,2.5505,3.0478,1
45.2041,36.0321,152.1863,70.3534,2.9219,5.0175,20.9160,0.9169,0.3020,0.5512,2.5122,0.5800,0
61.5824,31.6104,110.1697,170.6168,7.3547,11.9274,32.1025,0.5480,0.7298,1.6658,1.0082,2.0941,1
68.2609,28.3393,126.3171,140.0666,1.3948,4.9388,23.9834,0.8396,0.2126,3.3688,0.5359,2.7716,0
30.1083,31.8829,96.9416,192.4244,5.5998,11.7328,21.7466,0.1695,0.4341,0.5708,1.9933,2.1002,1
24.5513,27.7654,138.1824,200.5759,1.2751,6.1265,22.1540,0.5444,0.6048,3.6726,2.0624,2.4616,1
50.9015,35.0032,145.7828,93.6718,4.3368,1.4100,14.3824,0.9741,0.2919,0.7416,1.0998,2.0665,0
45.4928,38.6733,143.3385,85.6032,7.2323,10.7367,23.5382,0.9003,0.0107,3.4094,1.7107,0.4535,1
49.5512,24.3485,104.2556,183.0318,5.2771,11.6189,27.9714,0.3548,0.4181,0.7714,1.3299,0.7212,0
73.0963,36.9694,114.7524,208.7990,6.1395,6.6929,15.5838,0.1760,0.8847,3.1942,1.0067,2.0566,1
70.2982,20.3241,102.2098,96.5753,5.7698,3.2609,20.7215,0.6536,0.7525,2.8872,0.6265,2.8702,1
77.9334,32.1574,126.9424,198.5173,7.5504,8.1067,11.9573,0.3199,0.8813,3.4456,0.2185,2.4745,1
47.4574,20.2396,100.3909,116.9514,4.9643,9.9697,29.1910,0.8768,0.8788,3.4503,2.3344,0.9110,1
23.1970,39.2398,128.9598,158.5308,4.1011,2.6650,31.7857,0.3902,0.4807,2.4842,2.8097,0.8908,1
27.5691,20.0324,131.1816,168.5037,0.8702,8.6260,18.4510,0.6814,0.1763,3.7083,2.6907,0.7056,0
54.1051,31.7389,142.5984,174.8814,5.6854,11.6217,28.4048,0.6998,0.6180,1.8438,0.4345,0.1001,1
43.4220,32.7297,110.6660,85.3331,2.4204,2.2888,27.2012,0.8378,0.7416,1.9311,1.5651,0.2228,0
65.2037,31.1675,137.3931,209.3936,3.9318,6.4095,8.1449,0.7246,0.3000,0.6784,2.8380,0.8286,1
58.7417,33.5887,164.0643,181.5645,1.3803,9.6446,22.1563,0.9164,0.1557,0.9543,0.9975,0.6570,0
28.1615,38.4883,139.9954,114.4131,5.5671,6.2618,31.5068,0.2122,0.3148,2.1680,0.9681,0.0872,1
40.2013,17.6717,141.7354,131.0033,0.8559,8.4874,14.0804,0.1273,0.9601,2.3299,0.1714,1.0899,0
61.7147,29.5765,118.8613,93.7926,5.1897,6.4569,29.8542,0.6100,0.2480,0.7711,0.8000,1.0394,0
67.2789,27.1228,132.7859,108.3704,3.0612,9.1360,27.6550,0.4273,0.6832,2.7047,2.1462,2.6241,1
68.3704,21.5495,99.2436,175.4059,0.5435,10.6652,27.8949,0.2210,0.8555,1.8047,1.6519,2.7598,1
53.7943,16.7117,121.7413,177.5382,8.4636,8.6140,9.0534,0.0061,0.3016,1.6692,0.3144,0.8636,0
25.5268,38.2284,112.1298,151.9685,7.5564,10.5272,12.7775,0.0253,0.9515,0.7636,1.1076,0.6329,1
32.3966,22.4278,149.4029,175.4967,7.4795,7.0793,10.8947,0.1319,0.2875,3.5573,0.8166,0.6982,0
29.2436,26.6759,129.6669,69.0226,5.1509,7.1010,26.7952,0.0442,0.6453,1.1380,0.5916,2.9942,0
36.3824,31.7124,115.9336,180.5641,0.5907,7.7355,24.0678,0.3900,0.6376,3.2320,0.5301,1.3048,0
44.7697,21.9485,131.1789,102.5603,5.3505,4.2074,15.1489,0.6321,0.1493,2.0587,0.3417,1.1709,0
59.3818,23.0544,126.3721,157.1620,0.5890,8.0193,19.2940,0.7325,0.6883,1.2265,2.6058,1.4745,0
44.9878,25.1177,136.6659,210.0990,3.8865,6.8849,23.0775,0.8540,0.9781,2.1738,2.8425,0.0728,1
41.0728,21.3608,126.2881,167.2096,4.4575,9.8863,10.7088,0.7246,0.8158,2.5960,2.0858,1.7785,1
48.9225,21.0395,134.2079,95.2965,2.1435,5.6855,28.2872,0.4652,0.9411,1.8913,0.7044,1.6138,0
79.9772,20.1669,135.9551,148.0428,2.9795,11.8111,24.9120,0.4794,0.2133,1.8203,0.4722,1.2140,0
34.9258,37.6508,142.5754,133.6208,1.3141,4.3624,13.7321,0.5832,0.1893,0.1702,0.7625,0.4270,0
35.0304,18.1858,156.8352,131.0457,4.0068,9.5116,17.2134,0.7417,0.8762,3.4631,0.0277,2.7920,1
79.0282,36.1180,129.7599,181.3288,4.0583,5.0569,24.6892,0.4721,0.5004,3.0478,0.7717,2.7945,1
32.2552,27.6194,133.9300,117.4098,1.1977,7.9676,27.2587,0.4153,0.9890,0.6494,0.4030,1.6157,0
26.4389,40.4778,135.2120,125.5367,1.6093,7.3324,19.5825,0.3129,0.1909,0.2965,1.9829,1.1359,0
75.4986,29.2154,123.9681,97.2246,7.3158,3.4725,28.4453,0.4409,0.1106,3.5138,2.3213,0.7438,1
55.2284,18.1924,133.5356,67.3539,6.5279,3.1055,29.3612,0.4524,0.6229,1.3426,2.0735,2.5005,1
82.2263,32.3728,151.5784,157.6717,2.0951,3.7005,20.6281,0.9873,0.5492,3.2436,1.6342,1.8089,1
25.3395,25.2664,147.1704,169.1359,8.1095,7.1554,24.2974,0.2853,0.3454,2.8457,2.2754,2.3277,1
67.4890,21.0396,100.0097,159.7113,4.8512,11.9789,28.0259,0.9797,0.3189,2.2692,0.4751,2.5419,1
26.5092,37.2045,127.7822,174.9773,0.5307,4.4100,30.2561,0.6610,0.7548,3.2319,0.0784,2.0883,0
85.7919,23.6523,156.8032,175.9461,1.4445,9.6511,16.2377,0.9312,0.4771,2.6813,2.9832,2.3536,1
49.3753,40.7888,128.5521,100.6646,2.2834,9.2998,8.8865,0.0995,0.4188,0.3808,0.9298,0.7007,0
52.0233,19.5375,98.1575,180.0083,5.8166,6.6289,21.8107,0.7386,0.1143,3.7665,1.2040,2.8620,1
58.2385,31.3691,98.9917,70.3031,6.7937,1.6926,29.0850,0.0575,0.5153,0.9788,2.1637,1.8483,0
54.7838,23.5882,120.2168,176.2911,3.8402,2.1809,10.3973,0.5373,0.8097,3.5751,1.1673,1.0519,0
61.8031,24.9297,145.8545,134.5374,4.0600,4.8060,21.1637,0.9281,0.8104,0.2357,2.5954,2.5175,1
55.4209,39.9124,101.7229,148.4309,6.9365,11.5826,10.0186,0.2226,0.0241,2.1582,2.5377,2.0874,1
57.5487,34.0405,132.8256,181.6039,2.8061,6.4740,14.6730,0.2146,0.2986,0.4667,0.0746,1.1817,0
36.7630,26.1913,155.5199,69.7407,3.1562,8.5220,17.7317,0.6639,0.9137,2.2486,1.9715,2.1006,1
72.9266,26.1447,102.7683,168.7001,4.4426,2.1657,25.8507,0.8232,0.1551,2.3189,1.1066,0.7097,0
55.3337,34.2348,96.7135,68.0355,4.5901,10.5206,19.2446,0.5872,0.5617,1.1883,1.0556,2.5857,0
32.6432,18.1931,133.2862,204.4964,2.8432,11.9866,11.6735,0.4153,0.8545,1.3009,1.1304,0.0541,0
23.6945,21.5494,136.9351,172.6074,4.6217,8.6403,30.4256,0.1904,0.1080,2.6936,2.9040,0.4550,0
80.9079,18.8564,166.4140,159.8122,2.6749,10.2011,20.3565,0.2109,0.3484,3.5053,0.3245,0.1561,1
86.1028,25.0695,141.2170,160.5606,3.5858,1.8280,17.8129,0.1703,0.3599,0.5617,2.9484,0.2467,0
58.7762,31.0817,132.3504,170.9837,0.7115,5.9082,21.1477,0.0494,0.5341,3.6120,0.7395,1.1546,0
67.7719,20.9969,155.2044,135.3965,2.0981,6.5743,20.1644,0.0887,0.6439,1.4540,1.2903,0.6791,0
47.4027,17.6114,157.9651,77.3914,6.7288,4.5046,30.7853,0.9992,0.3541,3.7345,0.7232,0.1150,1
43.8182,38.5043,131.0834,107.1477,6.9526,11.6593,30.6515,0.5129,0.1322,1.4987,0.8300,2.3936,1
33.0762,23.0917,108.1007,132.6830,2.5623,1.7810,15.0272,0.2167,0.6589,1.4576,1.0764,1.7013,0
71.8139,33.9818,148.4899,206.0884,5.5838,4.8199,14.4537,0.8310,0.4289,2.7478,1.1154,1.9243,1
51.5612,16.6650,152.1385,146.5036,6.6460,8.0580,9.3992,0.6774,0.2125,1.9369,2.4255,2.7043,1
38.0467,35.6464,139.1760,139.4024,4.9337,8.5227,16.4873,0.7309,0.0909,3.1745,1.4768,0.7290,0
53.7652,24.9122,139.5922,210.5563,4.0652,4.5460,28.9527,0.4096,0.6907,0.6533,0.3976,2.4381,1
60.0287,33.6500,138.8837,71.8143,6.2494,1.3021,30.5290,0.5471,0.5284,3.6480,0.5542,2.8891,1
38.7875,22.8637,96.4308,159.8349,3.6243,4.9339,19.5147,0.3946,0.5548,3.1261,0.5527,1.7369,0
68.8087,26.7002,127.3853,158.1426,7.6501,2.8280,24.5725,0.3130,0.4915,2.4573,0.4686,2.4092,1
31.8898,17.1761,146.8052,200.1126,4.9624,5.6729,25.6479,0.7658,0.5824,1.7963,2.6953,2.3043,1
60.4444,16.6055,102.8677,100.0960,1.9308,4.7180,18.7092,0.8514,0.7022,0.8275,2.0476,0.4758,0
70.4801,17.9169,162.4816,106.7480,2.8088,1.4354,11.3273,0.5915,0.1994,2.8986,0.4575,2.9889,0
77.9993,33.8593,147.7672,110.8039,6.2372,4.2458,12.0150,0.8930,0.6499,0.3617,0.1556,1.4019,1
27.6071,33.5883,120.0238,68.2700,6.4592,6.8106,19.1305,0.9526,0.3139,1.7494,2.2050,2.0819,0
27.8438,19.1882,113.2072,111.5478,7.8015,3.0233,12.9356,0.0866,0.2582,0.1402,0.4784,2.0949,0
60.6436,28.8393,154.6785,179.9970,5.0422,2.5803,28.8681,0.2631,0.9702,1.1157,1.6918,1.1652,1
34.9527,23.9982,129.6908,206.6650,6.1707,2.1118,11.3726,0.3005,0.3596,2.7238,1.4382,1.6063,0
27.5207,21.1645,157.3120,78.2580,6.6944,11.8716,21.9987,0.3617,0.4715,3.2361,2.5084,0.9501,1
50.1054,26.5851,139.7282,103.2989,3.5911,8.7348,11.0659,0.5453,0.6481,1.7777,0.9368,2.2484,0
60.5057,21.4780,109.9487,149.2584,1.0820,4.1589,13.6464,0.2782,0.5616,3.9212,2.4458,1.0662,0
68.6233,30.1538,132.7837,169.0697,3.8016,1.3918,17.2032,0.6110,0.8352,0.4079,2.3127,2.8986,1
75.0601,29.0568,142.8274,145.4800,6.3832,2.9797,19.8030,0.3662,0.2691,1.5458,0.6822,1.3803,0
44.1277,36.7438,160.7437,118.8502,2.2405,9.1252,25.8474,0.9918,0.1653,2.5211,1.8346,0.3888,1
45.0211,34.5274,127.1108,180.8745,1.9186,1.7784,16.2971,0.4883,0.0842,2.1707,1.7465,0.3334,0
80.3537,30.2269,96.8832,71.2760,0.7042,3.7350,9.2678,0.0113,0.7477,0.4238,1.5634,0.3037,0
48.5178,33.6959,152.6846,119.0156,3.3812,4.3385,30.5945,0.5091,0.4285,1.9814,0.8380,3.0373,1
77.0242,32.5771,157.8993,152.1502,1.9584,4.9186,13.1942,0.9687,0.2133,2.9570,2.2465,0.7053,0
58.8028,32.8567,101.7605,201.6201,7.7423,7.5258,17.2393,0.9256,0.1874,0.7403,1.5227,2.1218,1
58.6155,41.0298,165.3495,198.2740,4.5554,4.5788,30.8155,0.1426,0.3509,1.4129,0.1260,1.1226,1
51.9946,24.1143,165.8546,148.0556,2.9904,2.1270,27.1682,0.9792,0.5324,3.0582,1.2245,2.8000,1
33.0153,18.2960,125.8086,153.7860,8.3602,7.0996,12.5016,0.4511,0.1301,3.5175,0.7629,1.1170,0
76.9703,26.5631,156.2534,196.5121,5.7223,8.6278,12.7150,0.5844,0.8119,2.5497,0.8173,1.3702,1
59.5771,33.1647,145.4367,137.4752,7.3846,11.0490,15.8234,0.2604,0.7390,2.9183,0.5708,2.9780,1
47.3860,28.8385,99.4366,170.5310,5.3141,4.8162,16.9937,0.8397,0.9926,2.1246,0.7550,1.6575,1
82.5449,16.3707,153.9906,195.7515,3.6155,2.0219,23.8136,0.9356,0.8680,3.8025,2.3182,2.3574,1
49.1882,26.3168,111.1986,158.7594,5.9862,5.0174,32.2588,0.2802,0.0969,3.4741,1.7977,2.7024,1
44.7761,17.6319,138.0694,202.0639,5.8172,6.8196,15.3719,0.9731,0.4523,1.1321,2.4854,0.1114,1
76.1049,22.3550,132.4830,104.0815,0.5336,10.4823,25.4844,0.9520,0.3992,0.6389,1.0108,0.7887,1
56.7972,38.9517,155.1694,206.3217,2.4727,10.3129,25.3639,0.5242,0.7993,0.1170,1.6299,1.4532,1
71.0627,37.1438,103.8953,181.7243,8.1449,10.7618,27.4576,0.9651,0.8391,2.4428,0.9250,2.1428,1
41.0709,18.1260,149.2858,96.8001,1.7638,5.4562,21.3974,0.0014,0.3662,1.9443,0.7139,2.7802,0
59.9745,36.7245,153.3770,144.8534,6.0999,2.2776,17.8145,0.4588,0.9280,3.8236,2.1833,0.2306,1
55.2560,23.6585,135.5298,106.2168,7.0323,4.0644,22.4985,0.6283,0.0467,1.1546,2.4367,1.1552,0
49.7532,30.4821,157.4597,198.3430,0.5229,5.3111,22.7764,0.0697,0.7674,0.4173,2.5016,0.9397,0
66.3058,31.0193,121.5656,121.2520,4.7640,11.7234,27.8615,0.0927,0.0103,2.6940,0.6528,0.3223,0
80.3324,37.2279,109.1195,206.7878,2.4738,9.0850,20.1188,0.7390,0.9036,3.8614,2.3421,0.4167,1
26.3165,38.5891,140.8410,175.1061,0.5402,2.4627,16.2166,0.7054,0.0998,2.3362,0.3508,0.1050,0
47.7667,28.0206,162.0074,145.2811,3.0750,6.9781,12.5517,0.7084,0.3568,2.1089,0.5311,0.4902,0
37.9189,31.0449,159.8443,114.4238,0.5799,9.9388,29.0339,0.6685,0.0487,1.3369,0.2628,1.1402,0
70.7471,33.4204,114.3395,90.1480,5.1494,2.3563,30.6393,0.9276,0.1040,0.9992,2.6634,0.0783,0
77.0292,38.5433,164.2559,115.7369,4.1429,3.2700,22.7588,0.6644,0.6806,0.0165,2.9360,1.4684,1
27.9088,35.4990,155.0625,84.9073,3.6774,8.6815,18.5882,0.6921,0.3371,3.6081,2.5553,2.4489,1
22.6781,16.4275,157.3246,141.5325,3.7096,2.7510,20.9935,0.5383,0.5480,1.7265,2.5412,1.5397,0
57.9545,23.0613,162.0037,140.7631,4.4434,1.4257,8.5748,0.1311,0.9241,3.6823,2.7908,1.2804,0
54.4910,17.4472,127.2207,75.5244,6.3553,2.2425,16.2427,0.7093,0.7050,3.5227,0.5787,0.9971,0
65.5132,24.8898,149.8740,180.4794,1.5295,4.4987,32.2142,0.4843,0.7404,2.0880,0.9146,2.8763,1
26.9758,38.4771,153.0115,211.4189,3.9652,6.2578,10.8131,0.7201,0.1548,1.8838,2.3172,1.7524,1
34.6634,16.2159,162.2262,170.1723,5.1730,6.8967,18.4938,0.8246,0.1450,3.3009,0.5831,0.7932,0
55.6851,39.1406,133.1238,92.9843,8.4546,6.5478,14.1621,0.4248,0.2469,1.1424,0.8897,1.4199,1
38.6223,17.0556,108.5901,185.7238,8.5018,9.4778,30.5572,0.3377,0.1773,3.2534,1.9424,2.8725,1
64.8032,19.9487,164.7812,137.8608,5.1947,3.0872,29.2799,0.2905,0.3491,0.4065,1.1866,2.6616,1
76.2041,32.5162,149.1500,113.5642,3.4427,9.2746,13.3255,0.2678,0.0600,1.5027,0.1409,2.0655,0
53.9707,35.4166,141.5106,144.7588,7.3699,7.2157,19.4425,0.6220,0.6153,0.1723,1.6395,2.0140,1
56.8982,19.5740,137.2077,187.2299,1.4120,3.7847,25.5762,0.0973,0.8355,0.0095,0.7282,2.2904,0
84.1822,17.2488,109.7587,74.9206,1.4903,5.6851,9.4573,0.3988,0.8095,3.3660,2.9486,2.5800,0
44.4999,28.2514,152.2889,182.9645,6.3643,11.7849,27.7285,0.7131,0.7211,3.8231,0.4513,1.9160,1
36.9233,30.7868,113.3530,170.8931,1.8552,2.6512,8.3732,0.2132,0.1795,1.6121,2.8177,0.1953,0
66.9766,17.1065,111.8637,141.6844,5.9495,8.6602,29.8659,0.4832,0.0105,2.3392,2.1034,1.5695,0
30.7211,27.9280,132.1556,128.6543,5.1616,2.1259,18.7663,0.6958,0.7881,1.3926,2.7356,0.2053,0
82.9072,41.1234,121.7000,187.3918,0.6374,4.3202,13.5255,0.7446,0.4827,3.8745,2.4149,2.4154,1
66.4120,37.9899,145.2589,183.1984,5.0731,1.9875,26.3272,0.9514,0.8731,0.4262,2.5987,2.6800,1
45.0036,29.7935,146.5521,93.6783,4.3732,4.5095,21.3890,0.4749,0.7340,0.1705,0.3206,0.1050,0
29.7587,39.3370,144.6314,129.5264,4.5245,3.3798,14.1212,0.3582,0.1860,3.7764,1.1466,1.7459,0
49.4712,38.7734,115.4145,118.3568,2.3993,7.2833,22.6958,0.9117,0.0429,3.7392,0.6782,1.8093,1
55.2206,25.0129,122.5835,173.8901,2.2634,6.6291,9.8079,0.2550,0.2735,1.5086,1.0599,1.0131,0
72.8648,17.3991,134.7722,88.5425,2.0971,6.4689,17.6428,0.4461,0.8563,0.9173,0.5564,0.1278,0
51.0571,36.4563,103.9492,163.7754,4.4797,6.1843,29.7123,0.7464,0.4881,3.7813,1.1487,0.6300,1
29.4476,21.7286,135.8870,77.6605,5.2023,7.4380,9.2951,0.2687,0.8061,3.3239,1.2286,1.5883,0
74.1127,38.0817,132.0303,149.5281,4.6727,5.6184,16.6071,0.0726,0.0899,2.5465,2.1576,0.8879,0
54.0314,18.6583,153.5664,151.5635,3.1582,3.9590,14.7252,0.8710,0.7752,3.7234,0.9640,0.7269,1
34.6088,21.9813,160.6813,91.4107,7.8749,1.9675,20.9120,0.2507,0.4544,0.5766,2.5654,0.4797,0
61.5809,19.3864,125.4940,181.0636,0.9941,11.2884,17.9778,0.2795,0.2357,1.7757,0.3328,2.3327,0
23.3940,26.7082,142.7938,103.5718,4.1254,1.2594,13.4102,0.8739,0.8863,2.3843,2.4073,0.9926,0
81.9040,33.6368,127.3166,160.3513,6.5091,2.8713,30.0542,0.9275,0.0153,2.7933,2.2687,2.6713,1
38.1753,40.1921,132.0788,115.1563,3.9901,6.2545,21.6441,0.2321,0.2303,0.3497,0.8081,0.8371,0
45.2027,26.9611,142.8994,95.8522,1.8336,11.1900,23.9268,0.2685,0.1808,1.2487,1.5464,0.3784,0
48.6921,37.4484,159.9478,72.4237,8.2453,8.9499,28.3649,0.4087,0.8053,3.8515,2.5688,0.4734,1
46.4343,34.2270,106.1132,135.2495,7.7889,7.1320,8.6571,0.1960,0.4547,2.5950,2.6234,2.0374,0
83.8721,22.4402,121.0931,151.2729,2.6698,5.9804,28.5410,0.7664,0.5015,3.4107,1.6677,0.6963,1
79.9515,29.1113,99.4134,134.6942,5.5549,1.4677,20.6709,0.3194,0.8828,0.8176,2.5627,1.7552,1
49.3401,17.8033,117.1023,132.1196,5.8922,1.4273,15.0388,0.7272,0.5024,2.8384,0.5546,2.3501,0
26.5387,26.9713,165.2242,162.4401,6.9064,3.2568,10.1629,0.3793,0.4516,1.5111,1.1979,1.3257,0
68.4222,26.9106,140.9264,135.9188,6.9126,10.5996,18.4954,0.7387,0.6640,3.8935,1.5773,0.5559,1
36.3212,18.1941,149.8941,105.2272,6.9180,4.9635,24.3619,0.3066,0.7390,1.7933,0.5585,1.3093,0
85.0895,31.1575,126.8228,179.3558,1.3816,2.0409,25.9687,0.2730,0.3853,0.5263,0.8847,1.5335,0
75.0308,21.7516,126.9817,83.4725,5.2417,4.2928,30.7431,0.0564,0.9256,2.8578,0.6396,2.7885,1
42.9411,37.9280,147.0572,153.5031,6.6056,7.8599,10.2425,0.9824,0.3143,0.4644,2.2318,1.3805,1
54.8916,40.1563,128.0817,157.6321,0.4676,3.5139,31.7609,0.4523,0.0987,0.0635,1.7874,0.4493,0
75.4762,33.3143,161.9196,200.6168,0.4454,8.9942,20.4198,0.9670,0.7092,0.9352,2.8396,0.9787,1
49.2047,20.5584,97.8950,67.6048,3.8069,7.7748,11.3325,0.6121,0.2279,0.1635,1.0656,0.7696,0
46.9075,25.1158,134.9201,83.2708,1.2628,2.4500,24.3818,0.2645,0.7009,0.3254,0.0452,2.4279,0
45.1828,15.9949,128.2501,87.7576,0.9329,4.3128,16.9267,0.9862,0.7545,1.9983,1.1756,1.5452,0
73.9391,16.9480,98.3596,158.5770,6.0051,1.3498,9.7915,0.4055,0.2667,1.7270,0.6648,1.8986,0
30.7834,37.2610,135.2426,72.9430,6.2102,4.7709,9.7631,0.0212,0.4259,1.6774,0.7148,2.3782,0
25.7285,19.8240,123.7889,165.6152,7.9746,1.6064,23.1197,0.0971,0.2465,0.6895,1.1014,1.1184,0
84.9124,19.7938,160.2075,80.7491,8.4976,3.8858,16.5760,0.4670,0.6663,3.3841,1.3240,2.4270,1
49.5491,19.3891,126.6968,97.9315,4.7393,3.1028,17.0281,0.2665,0.7203,1.3981,0.5817,0.1107,0
33.4412,26.4010,160.2432,82.9539,7.1633,8.7712,23.8716,0.4807,0.5395,0.0929,1.7951,2.2604,1
79.0932,25.1318,115.4164,91.4407,7.6602,8.5405,29.9131,0.3071,0.9224,1.4857,0.3073,2.3653,1
64.7759,36.3331,163.9997,204.5285,0.6245,1.9672,8.8915,0.4129,0.9860,2.1477,2.0320,1.9333,1
81.6931,35.4474,165.6168,201.8558,4.3146,7.8177,8.8254,0.5092,0.9487,2.0397,0.2106,0.4385,1
51.8446,17.2608,165.4101,137.7909,6.2645,10.5696,14.7659,0.1162,0.9222,3.1360,0.2117,0.2542,0
85.7313,38.2284,140.7670,156.5153,7.7104,11.2354,30.7863,0.2753,0.5139,3.1498,1.7343,0.6720,1
76.4825,36.4318,124.3522,152.1668,6.7188,9.0125,10.9195,0.1436,0.1331,0.7537,1.0704,3.0193,1
64.6601,25.5324,107.7638,113.1234,4.0547,10.5004,13.3404,0.3998,0.3519,3.2322,1.0945,2.1125,1
24.0026,26.9874,132.0828,132.9141,3.8473,7.6401,12.5118,0.0333,0.5496,3.8402,0.2970,2.2116,0
27.5062,28.5058,162.9463,67.9711,7.3834,9.7088,10.5032,0.5485,0.3736,2.9427,2.0328,2.6317,1
51.5793,21.0741,152.5489,158.7663,3.5279,2.5079,17.6508,0.4012,0.6664,0.6430,1.0722,1.5629,0
71.5640,25.2221,109.9382,96.3908,8.2432,10.8138,9.6634,0.4677,0.4568,3.7332,1.5360,2.4168,1
60.4162,28.8712,148.0113,79.6931,4.4141,6.0294,11.5460,0.1348,0.2801,3.1771,2.1329,0.3694,0
57.0728,32.1486,142.9670,107.5256,2.6642,10.2374,18.7098,0.5390,0.6335,0.9828,1.2549,0.1962,0
32.9882,39.6904,135.9419,137.3420,5.8471,5.0585,29.8568,0.7101,0.9657,2.3257,2.1186,2.4081,1
84.8726,38.1478,103.9034,165.8963,6.1781,10.1699,19.4357,0.2236,0.5135,2.7019,1.3230,1.9841,1
31.8646,41.5221,101.2957,163.2941,3.9384,9.0997,26.3500,0.5330,0.0664,1.0451,2.0263,1.8602,1
67.2335,25.9663,145.5928,114.9608,8.5047,4.3289,22.8894,0.9903,0.7019,1.5961,1.8978,2.3360,1
34.3507,36.1600,96.1240,136.1571,4.4546,5.9875,16.0534,0.5436,0.1903,3.1294,0.9853,2.9432,0
74.3151,34.2803,139.3617,96.1137,0.9338,7.3005,31.3238,0.6788,0.1325,3.2451,1.4444,1.3478,1
44.2844,22.1874,104.9591,88.3406,1.7597,3.8659,24.7429,0.2000,0.1141,0.4127,1.7362,0.7259,0
73.3197,19.2997,104.6136,118.1920,2.7422,3.0890,27.6582,0.0347,0.9571,0.6846,0.4130,1.5059,0
25.2446,32.6432,139.4337,167.5152,4.8388,4.6460,15.5994,0.6988,0.7855,3.4286,0.0888,2.8474,1
57.1868,22.0702,153.8772,168.1808,4.1169,6.9183,11.7299,0.6978,0.7799,3.6394,1.6450,1.3788,1
28.2012,33.8668,104.3727,133.9170,3.3721,9.7144,27.1984,0.5685,0.5118,1.7848,2.6466,0.1111,1
79.2816,27.7812,148.1871,94.9783,0.9474,3.3889,27.4873,0.8990,0.2422,3.9085,2.7962,1.2077,1
84.3292,22.4769,163.1815,174.0824,5.6577,1.3280,16.9303,0.9013,0.2589,2.9943,1.1820,0.4212,1
43.9855,28.7858,150.8393,196.3530,1.1248,5.0766,21.4575,0.9714,0.4825,1.3398,0.4809,0.6803,0
54.5595,28.9985,142.3701,193.8839,1.0585,3.9696,22.5403,0.5271,0.5930,2.1825,0.1215,0.2127,0
82.9158,25.4410,162.1393,167.0813,6.8016,2.3560,17.9576,0.1023,0.7699,2.5043,0.2558,2.3161,1
31.7096,17.9661,115.5178,72.4337,2.1755,4.3995,9.6942,0.8234,0.2563,3.2881,2.0616,1.0565,0
25.6605,36.9232,130.5960,132.3192,0.8569,10.7670,22.4595,0.0814,0.2591,0.0946,1.2569,2.4055,0
54.2910,23.6265,160.3388,136.6857,6.8244,2.4417,12.3186,0.8245,0.3100,1.9393,1.7728,2.7572,0
68.5993,33.7342,138.4015,97.0438,6.5858,3.2952,23.9167,0.7066,0.1355,3.1626,2.2504,2.9154,1
63.4166,36.9228,110.4735,202.4008,3.8674,4.1651,28.1288,0.7351,0.6029,1.2201,1.0497,2.1754,1
56.9371,25.2434,134.2470,106.6942,3.2331,11.1971,30.0728,0.6578,0.6156,1.8297,2.4912,2.9716,1
51.9514,24.0685,141.4708,86.2549,5.9356,6.6281,23.6173,0.6067,0.2544,3.4376,1.0015,1.8699,1
81.4895,30.0040,128.9603,136.0236,1.2447,10.1679,28.1025,0.6366,0.4672,0.3990,1.5831,1.8279,1
31.3891,15.8756,149.7194,192.9530,7.8890,6.0586,31.1819,0.8163,0.6589,3.5295,0.3913,0.3131,1
60.4907,22.9421,120.5796,153.1153,8.0818,1.0474,30.1057,0.0198,0.5932,3.7296,1.3005,1.2611,1
79.2653,38.0036,120.8154,200.0558,3.7665,5.2483,9.4333,0.7494,0.6915,3.9110,0.2218,2.9080,1
38.4223,16.3067,139.2348,167.7481,6.5443,11.6387,26.7335,0.4090,0.3785,1.4335,2.6576,1.2903,1
70.2658,16.3061,143.2814,89.5011,2.5587,8.0364,26.3961,0.4319,0.1739,0.1113,1.7207,1.9473,0
83.6504,38.6191,133.8830,124.0347,2.3573,3.7149,18.0384,0.1768,0.0437,3.4628,0.8405,0.5802,0
54.6302,20.7692,163.0115,175.2984,7.4843,7.4217,15.3564,0.0476,0.4025,0.0365,1.1301,2.8729,1
44.2786,35.8605,129.0659,194.8487,0.4833,7.1596,15.2502,0.2143,0.8078,0.3743,2.5528,1.3893,0
31.3352,18.7436,161.7110,111.1738,0.6010,10.7122,19.6139,0.3920,0.6646,1.8055,2.0148,1.2867,0
34.1937,23.0373,107.9324,72.2127,4.0013,6.2035,19.1974,0.5743,0.6727,0.9254,1.4961,2.0574,0
56.3554,39.2559,148.4563,130.8689,1.5609,8.2398,21.6368,0.6930,0.9583,0.1894,2.5752,1.7825,1